,JOB_SEEKER_ID,Contract_ID,Site_Name,specialist_site_type_code,Num_13_full_exp,Num_26_full_exp,Num_26_path_exp,Num_26_wrkast_exp,Num_52_full_exp,Num_52_path_exp
0,8653691003,0212899A,AimBig Employment FAIRFIELD,AALL,1.0,0.0,0.0,0.0,0.0,0.0
1,7870290004,0212795D,AimBig Employment NORTH LAKES,AALL,0.0,0.0,0.0,0.0,0.0,0.0
2,6498977509,0212845J,AimBig Employment LEICHHARDT,AALL,1.0,1.0,0.0,0.0,1.0,0.0
3,6638331004,0212795D,AimBig Employment NORTH LAKES,AALL,0.0,0.0,0.0,0.0,0.0,0.0
4,2792458409,0212831C,AimBig Employment ROCKINGHAM,MENH,0.0,0.0,0.0,0.0,0.0,0.0
5,3476477809,0212846K,AimBig Employment BURWOOD,MENH,1.0,1.0,0.0,0.0,0.0,0.0
6,1402890004,0212879H,AimBig Employment CHERMSIDE,AALL,0.0,0.0,0.0,0.0,0.0,0.0
7,1686955509,0212861J,AimBig Employment GLENORCHY,AALL,0.0,0.0,0.0,0.0,0.0,0.0
8,9114093109,0212832D,AimBig Employment ROCKINGHAM,MUSK,0.0,0.0,0.0,0.0,0.0,0.0
9,7394980004,0212828H,AimBig Employment INVERELL,AALL,1.0,0.0,0.0,0.0,1.0,0.0
10,6206761009,0212879H,AimBig Employment MITCHELTON,AALL,0.0,1.0,0.0,0.0,1.0,0.0
11,747163003,0212813A,AimBig Employment CESSNOCK,AALL,0.0,0.0,1.0,0.0,0.0,0.0
12,8091437019,0212826F,AimBig Employment COFFS HARBOUR,AALL,1.0,0.0,0.0,0.0,0.0,0.0
13,7725716003,0212846K,AimBig Employment BURWOOD,MENH,1.0,1.0,0.0,0.0,1.0,0.0
14,1564000004,0212805A,AimBig Employment AITKENVALE,MUSK,1.0,1.0,0.0,0.0,0.0,0.0
15,6428853004,0212804K,AimBig Employment AITKENVALE,MENH,1.0,0.0,0.0,0.0,0.0,0.0
16,1071217709,0212900K,AimBig Employment LEICHHARDT,AALL,1.0,0.0,0.0,0.0,0.0,1.0
17,5396870609,0212841E,AimBig Employment AUBURN,AALL,1.0,0.0,1.0,0.0,0.0,0.0
18,324231004,0212879H,AimBig Employment NORTH LAKES,AALL,1.0,1.0,0.0,0.0,0.0,0.0
19,5545251003,0212889K,AimBig Employment INVERELL,AALL,1.0,1.0,0.0,0.0,1.0,0.0
20,2173230,0212886G,AimBig Employment MOONEE PONDS,AALL,0.0,0.0,0.0,0.0,0.0,0.0
21,9710374809,0212882C,AimBig Employment CESSNOCK,AALL,1.0,0.0,0.0,0.0,0.0,0.0
22,9743848009,0212821A,AimBig Employment EPPING,MUSK,1.0,0.0,1.0,0.0,1.0,0.0
23,7428106909,0212840D,AimBig Employment BANKSTOWN,MUSK,1.0,0.0,0.0,0.0,0.0,0.0
24,1159611019,0212900K,AimBig Employment MARRICKVILLE,AALL,0.0,1.0,0.0,0.0,0.0,0.0
25,2127597209,0212886G,AimBig Employment BROADMEADOWS,AALL,1.0,0.0,0.0,0.0,0.0,0.0
26,1262831809,0212800G,AimBig Employment ROCKHAMPTON CITY,MENH,0.0,0.0,0.0,0.0,0.0,0.0
27,6773302509,0212881B,AimBig Employment GOSFORD,AALL,0.0,0.0,0.0,0.0,0.0,0.0
28,2083770609,0212812K,AimBig Employment KANWAL,AALL,1.0,0.0,0.0,0.0,0.0,0.0
29,1441912909,0212844H,AimBig Employment CABRAMATTA,AALL,0.0,0.0,0.0,0.0,0.0,0.0
30,9851357809,0212898K,AimBig Employment AUBURN,AALL,0.0,0.0,0.0,0.0,0.0,0.0
31,7539991003,0212844H,AimBig Employment FAIRFIELD,AALL,1.0,1.0,0.0,0.0,0.0,0.0
32,52697509,0212902B,AimBig Employment CAMPBELLTOWN,AALL,0.0,0.0,0.0,0.0,0.0,0.0
33,1836634109,0212812K,AimBig Employment ETTALONG BEACH,AALL,0.0,0.0,0.0,0.0,0.0,0.0
34,1771355909,0212839K,AimBig Employment CAMPSIE,MENH,1.0,0.0,0.0,0.0,0.0,0.0
35,1294682809,0212818F,AimBig Employment FRANKSTON,MENH,0.0,0.0,0.0,0.0,1.0,0.0
36,8253094003,0212902B,AimBig Employment INGLEBURN,AALL,0.0,0.0,1.0,0.0,0.0,0.0
37,6174075809,0212881B,AimBig Employment GOSFORD,AALL,0.0,0.0,0.0,0.0,0.0,0.0
38,611112003,0212904D,AimBig Employment HURSTVILLE,AALL,0.0,0.0,0.0,0.0,0.0,0.0
39,8804080309,0212793B,AimBig Employment BURLEIGH HEADS,MENH,1.0,1.0,0.0,0.0,0.0,0.0
40,8870591209,0212793B,AimBig Employment SURFERS PARADISE,MENH,0.0,0.0,0.0,0.0,0.0,0.0
41,2392881709,0212861J,AimBig Employment GLENORCHY,AALL,0.0,0.0,0.0,0.0,1.0,0.0
42,1451406019,0212898K,AimBig Employment BAULKHAM HILLS,AALL,1.0,0.0,0.0,0.0,1.0,0.0
43,7860059609,0212900K,AimBig Employment SURRY HILLS,AALL,0.0,0.0,0.0,0.0,0.0,0.0
44,1898155109,0212812K,AimBig Employment KANWAL,AALL,1.0,1.0,0.0,0.0,1.0,0.0
45,6858543909,0212881B,AimBig Employment KANWAL,AALL,1.0,1.0,0.0,0.0,1.0,0.0
46,1207286909,0212882C,AimBig Employment MAITLAND,AALL,1.0,1.0,0.0,0.0,0.0,0.0
47,3667644109,0212884E,AimBig Employment BROADMEADOW,AALL,0.0,0.0,0.0,0.0,0.0,0.0
48,2940067509,0212843G,AimBig Employment BONDI JUNCTION,MUSK,0.0,0.0,0.0,0.0,0.0,0.0
49,8989064909,0212900K,AimBig Employment LEICHHARDT,AALL,0.0,1.0,1.0,0.0,1.0,0.0
50,218487409,0212823C,AimBig Employment SUNSHINE,MUSK,1.0,0.0,0.0,0.0,0.0,0.0
51,3618650,0212898K,AimBig Employment AUBURN,AALL,1.0,1.0,0.0,0.0,1.0,0.0
52,2994078909,0212904D,AimBig Employment HURSTVILLE,AALL,1.0,1.0,0.0,0.0,0.0,0.0
53,6274857709,0212817E,AimBig Employment MOONEE PONDS,AALL,1.0,0.0,0.0,0.0,0.0,0.0
54,9455821019,0212879H,AimBig Employment FORTITUDE VALLEY,AALL,1.0,0.0,0.0,0.0,1.0,0.0
55,7619946003,0212904D,AimBig Employment HURSTVILLE,AALL,1.0,1.0,0.0,0.0,0.0,0.0
56,403641009,0212821A,AimBig Employment HEIDELBERG,MUSK,1.0,0.0,0.0,0.0,0.0,0.0
57,6276870007,0212889K,AimBig Employment GLEN INNES,AALL,0.0,0.0,0.0,0.0,0.0,0.0
58,7088411809,0212839K,AimBig Employment BANKSTOWN,MENH,0.0,0.0,0.0,0.0,0.0,0.0
59,3606070,0212846K,AimBig Employment BURWOOD,MENH,1.0,0.0,0.0,0.0,0.0,0.0
60,9951406609,0212900K,AimBig Employment SURRY HILLS,AALL,1.0,0.0,0.0,0.0,0.0,0.0
61,8918718809,0212822B,AimBig Employment WERRIBEE,MENH,1.0,0.0,0.0,0.0,0.0,0.0
62,515141809,0212818F,AimBig Employment FRANKSTON,MENH,1.0,1.0,0.0,0.0,0.0,0.0
63,695723709,0212879H,AimBig Employment TOOWONG,AALL,0.0,0.0,0.0,0.0,0.0,0.0
64,9442318209,0212817E,AimBig Employment MOONEE PONDS,AALL,0.0,0.0,0.0,0.0,0.0,0.0
65,8218591003,0212899A,AimBig Employment FAIRFIELD,AALL,0.0,0.0,0.0,0.0,0.0,0.0
66,9571913809,0212793B,AimBig Employment BURLEIGH HEADS,MENH,0.0,0.0,1.0,0.0,0.0,0.0
67,4791703119,0212817E,AimBig Employment MOONEE PONDS,AALL,0.0,0.0,0.0,0.0,0.0,0.0
68,1279561209,0212895H,AimBig Employment Pty Ltd GEELONG,AALL,1.0,0.0,0.0,0.0,0.0,0.0
69,1841477909,0212879H,AimBig Employment TOOWONG,AALL,0.0,0.0,0.0,0.0,0.0,0.0
70,651806309,0212857B,AimBig Employment WOLLONGONG,MUSK,0.0,0.0,0.0,0.0,1.0,0.0
71,8777394609,0212873B,AimBig Employment ORANGE,MUSK,0.0,0.0,0.0,0.0,0.0,0.0
72,135970,0212832D,AimBig Employment ROCKINGHAM,MUSK,0.0,0.0,1.0,0.0,0.0,0.0
73,2879996909,0212900K,AimBig Employment LEICHHARDT,AALL,0.0,0.0,0.0,0.0,0.0,0.0
74,8300953007,0212818F,AimBig Employment FRANKSTON,MENH,0.0,0.0,0.0,0.0,0.0,0.0
75,433401709,0212840D,AimBig Employment CAMPSIE,MUSK,1.0,0.0,0.0,0.0,0.0,0.0
76,396060019,0212838K,AimBig Employment DALBY,AALL,1.0,1.0,0.0,0.0,1.0,0.0
77,7692234109,0212904D,AimBig Employment MIRANDA,AALL,0.0,0.0,0.0,0.0,0.0,0.0
78,7842370004,0212795D,AimBig Employment NORTH LAKES,AALL,0.0,0.0,0.0,0.0,0.0,0.0
79,1650096209,0212815C,AimBig Employment BROADMEADOW,AALL,1.0,1.0,0.0,0.0,1.0,0.0
80,3530290,0212817E,AimBig Employment MOONEE PONDS,AALL,0.0,0.0,0.0,0.0,0.0,0.0
81,964353609,0212814B,AimBig Employment TAMWORTH,AALL,0.0,0.0,0.0,0.0,0.0,0.0
82,9616140005,0212791K,AimBig Employment MILE END,MENH,0.0,1.0,0.0,0.0,1.0,0.0
83,5580798019,0212863K,AimBig Employment WARRNAMBOOL,MENH,0.0,0.0,0.0,0.0,0.0,0.0
84,2571960003,0212889K,AimBig Employment Pty Ltd. ARMIDALE,AALL,0.0,0.0,0.0,0.0,0.0,0.0
85,7807372709,0212845J,AimBig Employment SURRY HILLS,AALL,0.0,0.0,0.0,0.0,0.0,0.0
86,815575003,0212884E,AimBig Employment BROADMEADOW,AALL,0.0,0.0,0.0,0.0,0.0,0.0
87,3377750003,0212881B,AimBig Employment ETTALONG BEACH,AALL,0.0,0.0,0.0,0.0,0.0,0.0
88,2125224007,0212823C,AimBig Employment WERRIBEE,MUSK,0.0,0.0,0.0,0.0,0.0,0.0
89,1421903409,0212812K,AimBig Employment ETTALONG BEACH,AALL,1.0,1.0,0.0,0.0,0.0,0.0
90,494502019,0212833E,AimBig Employment JOONDALUP,MENH,1.0,0.0,0.0,0.0,0.0,0.0
91,468935019,0212886G,AimBig Employment CRAIGIEBURN,AALL,1.0,0.0,0.0,0.0,1.0,0.0
92,3093935004,0212838K,AimBig Employment DALBY,AALL,0.0,1.0,0.0,0.0,1.0,0.0
93,9648401003,0212884E,AimBig Employment BROADMEADOW,AALL,1.0,0.0,0.0,0.0,0.0,0.0
94,5730894409,0212886G,AimBig Employment MOONEE PONDS,AALL,0.0,1.0,0.0,0.0,1.0,0.0
95,800465019,0212817E,AimBig Employment BROADMEADOWS,AALL,0.0,0.0,0.0,0.0,0.0,0.0
96,9896692809,0212895H,AimBig Employment CORIO,AALL,1.0,1.0,0.0,0.0,1.0,0.0
97,269270003,0212902B,AimBig Employment INGLEBURN,AALL,1.0,0.0,0.0,0.0,0.0,0.0
98,5413980,0212845J,AimBig Employment MARRICKVILLE,AALL,0.0,0.0,0.0,0.0,0.0,0.0
99,495530004,0212900K,AimBig Employment MARRICKVILLE,AALL,0.0,0.0,0.0,0.0,0.0,0.0
100,256557009,0212901A,AimBig Employment LIVERPOOL,AALL,0.0,1.0,0.0,0.0,1.0,0.0
101,316660109,0212857B,AimBig Employment WOLLONGONG,MUSK,0.0,0.0,0.0,0.0,0.0,0.0
102,978256409,0212793B,AimBig Employment BURLEIGH HEADS,MENH,0.0,0.0,0.0,0.0,0.0,0.0
103,5501573019,0212845J,AimBig Employment LEICHHARDT,AALL,0.0,0.0,0.0,0.0,0.0,0.0
104,948626409,0212902B,AimBig Employment CAMPBELLTOWN,AALL,1.0,0.0,0.0,0.0,1.0,0.0
105,3706038003,0212850F,AimBig Employment PENRITH,AALL,0.0,0.0,0.0,0.0,0.0,0.0
106,318632019,0212844H,AimBig Employment FAIRFIELD,AALL,1.0,1.0,0.0,0.0,0.0,0.0
107,9682068019,0212812K,AimBig Employment KANWAL,AALL,1.0,0.0,0.0,0.0,0.0,0.0
108,9381922009,0212863K,AimBig Employment WARRNAMBOOL,MENH,0.0,0.0,0.0,0.0,1.0,0.0
109,521340003,0212848A,AimBig Employment LIVERPOOL,AALL,0.0,0.0,1.0,0.0,0.0,0.0
110,6947054509,0212820K,AimBig Employment HEIDELBERG,MENH,1.0,1.0,0.0,0.0,1.0,0.0
111,1773550709,0212844H,AimBig Employment CABRAMATTA,AALL,1.0,1.0,0.0,0.0,0.0,0.0
112,1565670709,0212829J,AimBig Employment CASINO,AALL,1.0,1.0,0.0,0.0,1.0,0.0
113,5498170,0212889K,AimBig Employment INVERELL,AALL,1.0,1.0,0.0,0.0,1.0,0.0
114,5243057909,0212849B,AimBig Employment CAMPBELLTOWN,AALL,1.0,0.0,0.0,0.0,0.0,0.0
115,7367450509,0212841E,AimBig Employment AUBURN,AALL,1.0,1.0,0.0,0.0,1.0,0.0
116,1771573109,0212848A,AimBig Employment LIVERPOOL,AALL,0.0,0.0,0.0,0.0,0.0,0.0
117,9775387309,0212855K,AimBig Employment MIRANDA,AALL,0.0,0.0,0.0,0.0,0.0,0.0
118,6514369609,0212855K,AimBig Employment HURSTVILLE,AALL,1.0,0.0,0.0,0.0,0.0,1.0
119,2343750,0212841E,AimBig Employment AUBURN,AALL,0.0,0.0,0.0,0.0,0.0,0.0
120,202067809,0212886G,AimBig Employment MOONEE PONDS,AALL,0.0,0.0,0.0,0.0,0.0,0.0
121,2903220,0212897K,AimBig Employment DALBY,AALL,0.0,0.0,0.0,0.0,0.0,0.0
122,9115475004,0212889K,AimBig Employment GLEN INNES,AALL,1.0,1.0,0.0,0.0,1.0,0.0
123,7761148409,0212899A,AimBig Employment FAIRFIELD,AALL,0.0,0.0,0.0,0.0,0.0,0.0
124,5812084509,0212898K,AimBig Employment AUBURN,AALL,0.0,0.0,0.0,0.0,0.0,0.0
125,4645250509,0212839K,AimBig Employment BANKSTOWN,MENH,1.0,1.0,0.0,0.0,0.0,0.0
126,4452300008,0212832D,AimBig Employment ROCKINGHAM,MUSK,0.0,0.0,1.0,0.0,0.0,0.0
127,3433365003,0212849B,AimBig Employment CAMPBELLTOWN,AALL,1.0,1.0,0.0,0.0,1.0,0.0
128,967582009,0212902B,AimBig Employment CAMPBELLTOWN,AALL,0.0,0.0,0.0,0.0,0.0,0.0
129,9426985709,0212841E,AimBig Employment HORNSBY,AALL,0.0,0.0,0.0,0.0,0.0,0.0
130,6089730005,0212831C,AimBig Employment ROCKINGHAM,MENH,0.0,0.0,0.0,0.0,0.0,0.0
131,1669780,0212881B,AimBig Employment KANWAL,AALL,0.0,0.0,0.0,0.0,0.0,0.0
132,2844973003,0212841E,AimBig Employment AUBURN,AALL,1.0,1.0,0.0,0.0,1.0,0.0
133,4737970007,0212886G,AimBig Employment CRAIGIEBURN,AALL,1.0,0.0,0.0,0.0,0.0,0.0
134,5582491119,0212845J,AimBig Employment SYDNEY,AALL,1.0,1.0,0.0,0.0,1.0,0.0
135,154146509,0212881B,AimBig Employment KANWAL,AALL,0.0,0.0,0.0,0.0,0.0,0.0
136,2637903109,0212855K,AimBig Employment MIRANDA,AALL,1.0,0.0,0.0,0.0,0.0,0.0
137,4240411709,0212879H,AimBig Employment NORTH LAKES,AALL,0.0,0.0,0.0,0.0,0.0,0.0
138,3627169709,0212886G,AimBig Employment CRAIGIEBURN,AALL,0.0,0.0,0.0,0.0,0.0,0.0
139,7850809809,0212845J,AimBig Employment MARRICKVILLE,AALL,0.0,0.0,0.0,0.0,0.0,0.0
140,4077030,0212900K,AimBig Employment MARRICKVILLE,AALL,1.0,1.0,0.0,0.0,1.0,1.0
141,1692112709,0212862K,AimBig Employment CORIO,AALL,1.0,1.0,0.0,0.0,0.0,0.0
142,7230492019,0212904D,AimBig Employment ROCKDALE,AALL,1.0,0.0,0.0,0.0,0.0,0.0
143,2106130909,0212795D,AimBig Employment TOOWONG,AALL,1.0,0.0,0.0,0.0,0.0,0.0
144,4220860,0212798G,AimBig Employment CAIRNS CITY,MENH,0.0,0.0,0.0,0.0,0.0,0.0
145,9093255909,0212898K,AimBig Employment AUBURN,AALL,0.0,0.0,0.0,0.0,0.0,0.0
146,1260992609,0212844H,AimBig Employment CABRAMATTA,AALL,1.0,0.0,0.0,0.0,0.0,1.0
147,4800420909,0212826F,AimBig Employment COFFS HARBOUR,AALL,1.0,1.0,0.0,0.0,1.0,0.0
148,5305420002,0212899A,AimBig Employment CABRAMATTA,AALL,1.0,0.0,0.0,0.0,0.0,0.0
149,5433950,0212889K,AimBig Employment INVERELL,AALL,1.0,1.0,0.0,0.0,0.0,0.0
150,14310910,0212812K,AimBig Employment WYONG,AALL,1.0,0.0,0.0,0.0,1.0,0.0
151,2919039609,0212879H,AimBig Employment TOOWONG,AALL,0.0,0.0,0.0,0.0,0.0,0.0
152,3802468309,0212838K,AimBig Employment CHINCHILLA,AALL,1.0,0.0,0.0,0.0,0.0,0.0
153,6916688209,0212799H,AimBig Employment CAIRNS CITY,MUSK,1.0,1.0,0.0,0.0,1.0,0.0
154,7398711005,0212791K,AimBig Employment MILE END,MENH,0.0,0.0,0.0,0.0,0.0,0.0
155,6739012003,0212889K,AimBig Employment INVERELL,AALL,0.0,0.0,0.0,0.0,0.0,0.0
156,473095509,0212839K,AimBig Employment BANKSTOWN,MENH,1.0,0.0,1.0,0.0,0.0,0.0
157,9616121609,0212844H,AimBig Employment CABRAMATTA,AALL,0.0,0.0,0.0,0.0,0.0,0.0
158,2749586909,0212795D,AimBig Employment TOOWONG,AALL,0.0,0.0,0.0,0.0,0.0,0.0
159,6086190019,0212826F,AimBig Employment COFFS HARBOUR,AALL,0.0,0.0,0.0,0.0,0.0,0.0
160,3774946019,0212798G,AimBig Employment CAIRNS CITY,MENH,1.0,0.0,0.0,0.0,1.0,0.0
161,8483820209,0212879H,AimBig Employment NORTH LAKES,AALL,1.0,0.0,1.0,0.0,0.0,0.0
162,1276504709,0212829J,AimBig Employment CASINO,AALL,0.0,0.0,0.0,0.0,1.0,0.0
163,9766827003,0212844H,AimBig Employment CABRAMATTA,AALL,0.0,0.0,0.0,0.0,0.0,0.0
164,1788778509,0212813A,AimBig Employment MAITLAND,AALL,1.0,1.0,0.0,0.0,0.0,0.0
165,3465353003,0212843G,AimBig Employment BONDI JUNCTION,MUSK,1.0,1.0,0.0,0.0,1.0,0.0
166,716506909,0212839K,AimBig Employment BANKSTOWN,MENH,0.0,0.0,0.0,0.0,0.0,0.0
167,5962814309,0212795D,AimBig Employment NORTH LAKES,AALL,1.0,0.0,0.0,0.0,1.0,0.0
168,6116820,0212902B,AimBig Employment INGLEBURN,AALL,0.0,0.0,0.0,0.0,0.0,0.0
169,4864181909,0212904D,AimBig Employment HURSTVILLE,AALL,0.0,0.0,0.0,0.0,0.0,0.0
170,3071600001,0212891D,AimBig Employment BERRIMAH,AALL,0.0,0.0,0.0,0.0,0.0,0.0
171,8984740019,0212795D,AimBig Employment TOOWONG,AALL,0.0,1.0,0.0,0.0,1.0,0.0
172,7281047009,0212795D,AimBig Employment MITCHELTON,AALL,0.0,0.0,0.0,0.0,0.0,0.0
173,1710859809,0212901A,AimBig Employment LIVERPOOL,AALL,1.0,1.0,0.0,0.0,1.0,0.0
174,451780,0212875D,AimBig Employment CALOUNDRA,MUSK,1.0,1.0,0.0,0.0,1.0,1.0
175,34622007,0212823C,AimBig Employment WERRIBEE,MUSK,1.0,0.0,0.0,0.0,0.0,0.0
176,2876377109,0212822B,AimBig Employment NEWPORT,MENH,0.0,0.0,0.0,0.0,1.0,0.0
177,13504540,0212823C,AimBig Employment NEWPORT,MUSK,1.0,1.0,0.0,0.0,0.0,0.0
178,6062802019,0212849B,AimBig Employment CAMPBELLTOWN,AALL,0.0,0.0,0.0,0.0,0.0,0.0
179,8173018509,0212833E,AimBig Employment OSBORNE PARK,MENH,1.0,1.0,0.0,0.0,0.0,0.0
180,5554280,0212850F,AimBig Employment PENRITH,AALL,0.0,0.0,0.0,0.0,0.0,0.0
181,3756892003,0212845J,AimBig Employment SURRY HILLS,AALL,0.0,0.0,0.0,0.0,0.0,0.0
182,5567700,0212812K,AimBig Employment WOY WOY,AALL,1.0,0.0,0.0,0.0,0.0,0.0
183,9489035909,0212886G,AimBig Employment MOONEE PONDS,AALL,1.0,0.0,0.0,0.0,0.0,0.0
184,2157279909,0212831C,AimBig Employment ROCKINGHAM,MENH,0.0,0.0,0.0,0.0,0.0,0.0
185,692318709,0212904D,AimBig Employment MIRANDA,AALL,1.0,1.0,0.0,0.0,1.0,0.0
186,9594721005,0212821A,AimBig Employment EPPING,MUSK,1.0,1.0,0.0,0.0,1.0,0.0
187,8873252004,0212795D,AimBig Employment TOOWONG,AALL,0.0,0.0,0.0,0.0,0.0,0.0
188,3442310003,0212875D,AimBig Employment CALOUNDRA,MUSK,1.0,1.0,0.0,0.0,1.0,0.0
189,5629064007,0212793B,AimBig Employment SURFERS PARADISE,MENH,1.0,1.0,0.0,0.0,0.0,0.0
190,466651909,0212817E,AimBig Employment MOONEE PONDS,AALL,1.0,0.0,0.0,0.0,0.0,0.0
191,7072823709,0212844H,AimBig Employment CABRAMATTA,AALL,1.0,1.0,0.0,0.0,0.0,0.0
192,3510892007,0212886G,AimBig Employment MOONEE PONDS,AALL,1.0,1.0,0.0,0.0,0.0,0.0
193,3090607309,0212838K,AimBig Employment MILES,AALL,1.0,1.0,0.0,0.0,0.0,0.0
194,8103374509,0212863K,AimBig Employment WARRNAMBOOL,MENH,0.0,0.0,0.0,0.0,0.0,0.0
195,5974520609,0212850F,AimBig Employment PENRITH,AALL,0.0,0.0,0.0,0.0,0.0,0.0
196,996520909,0212899A,AimBig Employment FAIRFIELD,AALL,1.0,1.0,0.0,0.0,0.0,0.0
197,3141418009,0212850F,AimBig Employment PENRITH,AALL,0.0,0.0,0.0,0.0,0.0,0.0
198,9532075609,0212884E,AimBig Employment BROADMEADOW,AALL,0.0,0.0,0.0,0.0,0.0,0.0
199,1215126003,0212855K,AimBig Employment ROCKDALE,AALL,0.0,0.0,0.0,0.0,0.0,0.0
200,2973314409,0212826F,AimBig Employment COFFS HARBOUR,AALL,0.0,0.0,0.0,0.0,0.0,0.0
201,5706887909,0212862K,AimBig Employment CORIO,AALL,0.0,0.0,0.0,0.0,0.0,0.0
202,137244309,0212848A,AimBig Employment LIVERPOOL,AALL,1.0,0.0,0.0,0.0,0.0,0.0
203,3163579809,0212795D,AimBig Employment FORTITUDE VALLEY,AALL,1.0,0.0,0.0,0.0,0.0,0.0
204,9365540709,0212845J,AimBig Employment SURRY HILLS,AALL,0.0,0.0,0.0,0.0,0.0,0.0
205,580683109,0212889K,AimBig Employment GLEN INNES,AALL,1.0,1.0,0.0,0.0,1.0,0.0
206,5922656009,0212844H,AimBig Employment CABRAMATTA,AALL,0.0,0.0,0.0,0.0,0.0,0.0
207,8887111007,0212858C,AimBig Employment MARYBOROUGH,AALL,1.0,0.0,0.0,0.0,1.0,0.0
208,6137390004,0212805A,AimBig Employment AITKENVALE,MUSK,1.0,1.0,0.0,0.0,1.0,0.0
209,4726406003,0212853J,AimBig Employment MOUNT DRUITT,MENH,1.0,1.0,0.0,0.0,1.0,0.0
210,7574979509,0212897K,AimBig Employment ROMA,AALL,0.0,0.0,0.0,0.0,1.0,0.0
211,1049700,0212798G,AimBig Employment CAIRNS CITY,MENH,1.0,1.0,0.0,0.0,0.0,0.0
212,4312320004,0212793B,AimBig Employment SURFERS PARADISE,MENH,1.0,1.0,0.0,0.0,0.0,0.0
213,4399066809,0212891D,AimBig Employment CASUARINA,AALL,1.0,1.0,0.0,0.0,1.0,0.0
214,9311013003,0212845J,AimBig Employment DARLINGHURST,AALL,1.0,1.0,0.0,0.0,1.0,0.0
215,4080873709,0212844H,AimBig Employment FAIRFIELD,AALL,1.0,1.0,0.0,0.0,0.0,0.0
216,759600003,0212881B,AimBig Employment WYONG,AALL,1.0,0.0,0.0,0.0,1.0,0.0
217,623885809,0212844H,AimBig Employment CABRAMATTA,AALL,1.0,0.0,0.0,0.0,0.0,0.0
218,4695544109,0212798G,AimBig Employment CAIRNS CITY,MENH,0.0,0.0,1.0,0.0,0.0,0.0
219,9241234019,0212832D,AimBig Employment ROCKINGHAM,MUSK,0.0,0.0,0.0,0.0,1.0,0.0
220,1974396909,0212889K,AimBig Employment GLEN INNES,AALL,1.0,1.0,0.0,0.0,0.0,0.0
221,8757570003,0212813A,AimBig Employment CESSNOCK,AALL,1.0,0.0,0.0,0.0,0.0,0.0
222,1147550909,0212845J,AimBig Employment LEICHHARDT,AALL,1.0,1.0,0.0,0.0,1.0,0.0
223,3181378409,0212855K,AimBig Employment MIRANDA,AALL,1.0,1.0,0.0,0.0,0.0,0.0
224,2112222809,0212897K,AimBig Employment ROMA,AALL,0.0,0.0,0.0,0.0,0.0,0.0
225,3304900809,0212844H,AimBig Employment FAIRFIELD,AALL,0.0,0.0,0.0,0.0,0.0,0.0
226,1068290,0212879H,AimBig Employment TOOWONG,AALL,1.0,1.0,0.0,0.0,0.0,0.0
227,7841352509,0212845J,AimBig Employment LEICHHARDT,AALL,0.0,0.0,0.0,0.0,0.0,0.0
228,8108166003,0212813A,AimBig Employment CESSNOCK,AALL,0.0,0.0,0.0,0.0,1.0,0.0
229,4099580709,0212831C,AimBig Employment ROCKINGHAM,MENH,1.0,1.0,0.0,0.0,1.0,0.0
230,1773225709,0212898K,AimBig Employment BAULKHAM HILLS,AALL,1.0,1.0,0.0,0.0,0.0,0.0
231,1090222109,0212822B,AimBig Employment WERRIBEE,MENH,0.0,0.0,0.0,0.0,0.0,0.0
232,6470537509,0212886G,AimBig Employment MOONEE PONDS,AALL,1.0,0.0,1.0,0.0,0.0,0.0
233,1624662909,0212881B,AimBig Employment GOSFORD,AALL,0.0,1.0,0.0,0.0,0.0,0.0
234,1447120003,0212844H,AimBig Employment CABRAMATTA,AALL,1.0,0.0,0.0,0.0,0.0,0.0
235,160650,0212841E,AimBig Employment BAULKHAM HILLS,AALL,1.0,0.0,0.0,0.0,0.0,0.0
236,3067516019,0212893F,Aimbig Employment LAUNCESTON,AALL,1.0,0.0,0.0,0.0,1.0,0.0
237,3595903004,0212838K,AimBig Employment MILES,AALL,0.0,0.0,0.0,0.0,0.0,0.0
238,6760526909,0212900K,AimBig Employment LEICHHARDT,AALL,0.0,0.0,0.0,0.0,0.0,0.0
239,1518261009,0212844H,AimBig Employment CABRAMATTA,AALL,0.0,0.0,0.0,0.0,0.0,0.0
240,6963346209,0212801H,AimBig Employment ROCKHAMPTON CITY,MUSK,1.0,1.0,0.0,0.0,1.0,0.0
241,156950,0212822B,AimBig Employment WERRIBEE,MENH,1.0,0.0,0.0,0.0,1.0,0.0
242,7964291909,0212891D,AimBig Employment CASUARINA,AALL,1.0,0.0,0.0,0.0,0.0,0.0
243,5499331409,0212819G,AimBig Employment FRANKSTON,MUSK,0.0,0.0,0.0,0.0,0.0,0.0
244,3612020,0212884E,AimBig Employment BROADMEADOW,AALL,0.0,0.0,0.0,0.0,0.0,0.0
245,7060231003,0212901A,AimBig Employment LIVERPOOL,AALL,0.0,0.0,0.0,0.0,0.0,0.0
246,13912007,0212823C,AimBig Employment SUNSHINE,MUSK,1.0,1.0,0.0,0.0,1.0,0.0
247,5070904809,0212850F,AimBig Employment PENRITH,AALL,1.0,0.0,0.0,0.0,1.0,1.0
248,6529655109,0212900K,AimBig Employment SYDNEY,AALL,1.0,1.0,0.0,0.0,1.0,0.0
249,4808073003,0212839K,AimBig Employment BANKSTOWN,MENH,0.0,0.0,0.0,0.0,0.0,0.0
250,6039630,0212879H,AimBig Employment CHERMSIDE,AALL,1.0,0.0,0.0,0.0,0.0,0.0
251,6000757003,0212845J,AimBig Employment LEICHHARDT,AALL,1.0,0.0,0.0,0.0,0.0,0.0
252,1972652909,0212897K,AimBig Employment CHINCHILLA,AALL,0.0,1.0,0.0,0.0,0.0,0.0
253,5843570,0212882C,AimBig Employment MAITLAND,AALL,1.0,1.0,0.0,0.0,1.0,0.0
254,2656163609,0212895H,AimBig Employment CORIO,AALL,0.0,0.0,0.0,0.0,0.0,0.0
255,3433980209,0212804K,AimBig Employment AITKENVALE,MENH,0.0,1.0,0.0,0.0,1.0,0.0
256,3785872509,0212820K,AimBig Employment HEIDELBERG,MENH,0.0,0.0,0.0,0.0,1.0,0.0
257,7934823609,0212875D,AimBig Employment CALOUNDRA,MUSK,1.0,0.0,0.0,0.0,0.0,0.0
258,5237220909,0212886G,AimBig Employment MOONEE PONDS,AALL,1.0,0.0,0.0,0.0,0.0,0.0
259,9631045809,0212849B,AimBig Employment CAMPBELLTOWN,AALL,1.0,1.0,0.0,0.0,1.0,0.0
260,1828335809,0212862K,AimBig Employment CORIO,AALL,1.0,1.0,1.0,0.0,1.0,0.0
261,5897347709,0212828H,AimBig Employment GLEN INNES,AALL,0.0,0.0,1.0,0.0,0.0,0.0
262,898561005,0212791K,AimBig Employment MILE END,MENH,1.0,1.0,0.0,0.0,0.0,0.0
263,3659742909,0212833E,AimBig Employment JOONDALUP,MENH,0.0,0.0,0.0,0.0,0.0,0.0
264,4772331109,0212881B,AimBig Employment WOY WOY,AALL,0.0,0.0,0.0,0.0,0.0,0.0
265,2537714009,0212817E,AimBig Employment CRAIGIEBURN,AALL,1.0,1.0,0.0,0.0,1.0,0.0
266,2173225003,0212845J,AimBig Employment LEICHHARDT,AALL,1.0,1.0,0.0,0.0,1.0,0.0
267,9733857019,0212879H,AimBig Employment NORTH LAKES,AALL,0.0,0.0,0.0,0.0,0.0,0.0
268,9261057509,0212838K,AimBig Employment CHINCHILLA,AALL,0.0,0.0,1.0,0.0,0.0,0.0
269,5028600909,0212844H,AimBig Employment CABRAMATTA,AALL,1.0,0.0,0.0,0.0,0.0,1.0
270,8758122909,0212822B,AimBig Employment WERRIBEE,MENH,0.0,0.0,0.0,0.0,0.0,0.0
271,99608609,0212886G,AimBig Employment MOONEE PONDS,AALL,1.0,1.0,0.0,0.0,0.0,0.0
272,4268950,0212882C,AimBig Employment CESSNOCK,AALL,1.0,0.0,0.0,0.0,0.0,0.0
273,7450162019,0212841E,AimBig Employment AUBURN,AALL,0.0,0.0,0.0,0.0,0.0,0.0
274,3809671909,0212819G,AimBig Employment FRANKSTON,MUSK,1.0,0.0,0.0,0.0,1.0,0.0
275,7424328209,0212858C,AimBig Employment MARYBOROUGH,AALL,1.0,0.0,0.0,0.0,0.0,1.0
276,5212934909,0212849B,AimBig Employment CAMPBELLTOWN,AALL,0.0,0.0,0.0,0.0,0.0,0.0
277,1984194007,0212858C,AimBig Employment BENDIGO,AALL,0.0,0.0,0.0,0.0,1.0,0.0
278,8557041019,0212822B,AimBig Employment SUNSHINE,MENH,1.0,0.0,0.0,0.0,1.0,0.0
279,4792747019,0212881B,AimBig Employment ETTALONG BEACH,AALL,1.0,1.0,0.0,0.0,0.0,0.0
280,4143462809,0212899A,AimBig Employment FAIRFIELD,AALL,0.0,0.0,0.0,0.0,0.0,0.0
281,4573481019,0212793B,AimBig Employment BURLEIGH HEADS,MENH,1.0,1.0,0.0,0.0,1.0,0.0
282,8962830119,0212819G,AimBig Employment FRANKSTON,MUSK,0.0,0.0,0.0,0.0,0.0,0.0
283,5750891019,0212841E,AimBig Employment PARRAMATTA,AALL,1.0,0.0,0.0,0.0,1.0,0.0
284,7659560,0212845J,AimBig Employment SURRY HILLS,AALL,0.0,0.0,0.0,0.0,0.0,0.0
285,4810288019,0212795D,AimBig Employment NORTH LAKES,AALL,1.0,1.0,0.0,0.0,1.0,1.0
286,4659279909,0212886G,AimBig Employment CRAIGIEBURN,AALL,1.0,1.0,0.0,0.0,0.0,0.0
287,1236900,0212795D,AimBig Employment TOOWONG,AALL,1.0,0.0,0.0,0.0,1.0,0.0
288,2334086003,0212812K,AimBig Employment ETTALONG BEACH,AALL,1.0,1.0,0.0,0.0,0.0,0.0
289,5610208809,0212802J,AimBig Employment MACKAY,MENH,0.0,1.0,1.0,0.0,1.0,0.0
290,151550,0212879H,AimBig Employment CHERMSIDE,AALL,1.0,0.0,0.0,0.0,1.0,0.0
291,9698685709,0212839K,AimBig Employment BANKSTOWN,MENH,1.0,0.0,0.0,0.0,1.0,0.0
292,4960193119,0212798G,AimBig Employment CAIRNS CITY,MENH,0.0,0.0,0.0,0.0,0.0,0.0
293,2331867019,0212831C,AimBig Employment ROCKINGHAM,MENH,0.0,0.0,0.0,0.0,0.0,0.0
294,6671411209,0212839K,AimBig Employment BANKSTOWN,MENH,1.0,0.0,0.0,0.0,0.0,0.0
295,893764019,0212886G,AimBig Employment MOONEE PONDS,AALL,0.0,0.0,0.0,0.0,0.0,0.0
296,6599865019,0212899A,AimBig Employment FAIRFIELD,AALL,1.0,0.0,0.0,0.0,0.0,0.0
297,8192830019,0212841E,AimBig Employment PARRAMATTA,AALL,1.0,0.0,0.0,0.0,0.0,0.0
298,3908588809,0212812K,AimBig Employment KANWAL,AALL,1.0,0.0,0.0,0.0,0.0,0.0
299,6338949109,0212821A,AimBig Employment EPPING,MUSK,1.0,0.0,0.0,0.0,1.0,0.0
300,5386036409,0212886G,AimBig Employment GLENROY,AALL,0.0,0.0,1.0,0.0,0.0,0.0
301,294117709,0212820K,AimBig Employment EPPING,MENH,1.0,1.0,0.0,0.0,0.0,0.0
302,9773082609,0212882C,AimBig Employment MAITLAND,AALL,1.0,0.0,0.0,0.0,1.0,0.0
303,5394531709,0212861J,AimBig Employment GLENORCHY,AALL,1.0,0.0,0.0,0.0,0.0,0.0
304,6165574019,0212879H,AimBig Employment NORTH LAKES,AALL,0.0,0.0,0.0,0.0,0.0,0.0
305,6372983609,0212849B,AimBig Employment CAMPBELLTOWN,AALL,1.0,1.0,0.0,0.0,1.0,0.0
306,881914409,0212823C,AimBig Employment TAYLORS LAKES,MUSK,0.0,0.0,0.0,0.0,0.0,0.0
307,5046895019,0212886G,AimBig Employment CRAIGIEBURN,AALL,0.0,0.0,0.0,0.0,0.0,0.0
308,987994003,0212904D,AimBig Employment ROCKDALE,AALL,1.0,1.0,0.0,0.0,1.0,0.0
309,390814019,0212904D,AimBig Employment HURSTVILLE,AALL,0.0,0.0,0.0,0.0,0.0,0.0
310,330144119,0212886G,AimBig Employment CRAIGIEBURN,AALL,1.0,1.0,0.0,0.0,1.0,0.0
311,17743040,0212818F,AimBig Employment FRANKSTON,MENH,1.0,1.0,0.0,0.0,1.0,0.0
312,8258686109,0212894G,AimBig Employment BENDIGO,AALL,0.0,0.0,0.0,0.0,0.0,0.0
313,525962709,0212833E,AimBig Employment OSBORNE PARK,MENH,0.0,0.0,0.0,0.0,0.0,0.0
314,9911477809,0212859D,AimBig Employment BALLARAT CENTRAL,MENH,1.0,1.0,0.0,0.0,1.0,0.0
315,7707078809,0212804K,AimBig Employment AITKENVALE,MENH,0.0,0.0,0.0,0.0,0.0,0.0
316,5011908019,0212855K,AimBig Employment HURSTVILLE,AALL,1.0,0.0,0.0,0.0,1.0,0.0
317,1701022609,0212904D,AimBig Employment ROCKDALE,AALL,1.0,1.0,0.0,0.0,0.0,0.0
318,2797870005,0212791K,AimBig Employment MILE END,MENH,1.0,0.0,0.0,0.0,0.0,0.0
319,5541040209,0212820K,AimBig Employment HEIDELBERG,MENH,1.0,0.0,0.0,0.0,0.0,0.0
320,7961383003,0212841E,AimBig Employment HORNSBY,AALL,0.0,0.0,0.0,0.0,1.0,0.0
321,5384779909,0212889K,AimBig Employment INVERELL,AALL,0.0,1.0,0.0,0.0,0.0,0.0
322,17888000,0212845J,AimBig Employment LEICHHARDT,AALL,0.0,0.0,0.0,0.0,0.0,0.0
323,5608679109,0212817E,AimBig Employment MOONEE PONDS,AALL,0.0,0.0,0.0,0.0,1.0,0.0
324,1072190,0212822B,AimBig Employment WERRIBEE,MENH,1.0,0.0,0.0,0.0,1.0,0.0
325,264392019,0212904D,AimBig Employment ROCKDALE,AALL,1.0,0.0,0.0,0.0,1.0,0.0
326,9628220006,0212861J,AimBig Employment HOBART,AALL,0.0,0.0,0.0,0.0,1.0,0.0
327,687198109,0212821A,AimBig Employment EPPING,MUSK,0.0,0.0,0.0,0.0,0.0,0.0
328,5559546007,0212820K,AimBig Employment EPPING,MENH,0.0,0.0,0.0,0.0,0.0,0.0
329,3809990,0212795D,AimBig Employment MITCHELTON,AALL,1.0,1.0,0.0,0.0,1.0,0.0
330,17972880,0212881B,AimBig Employment KANWAL,AALL,1.0,1.0,0.0,0.0,0.0,0.0
331,509715019,0212881B,AimBig Employment KANWAL,AALL,1.0,1.0,0.0,0.0,0.0,0.0
332,1002620,0212817E,AimBig Employment CRAIGIEBURN,AALL,0.0,0.0,0.0,0.0,0.0,0.0
333,5774636309,0212823C,AimBig Employment TAYLORS LAKES,MUSK,1.0,0.0,0.0,0.0,0.0,0.0
334,4799060019,0212795D,AimBig Employment TOOWONG,AALL,1.0,1.0,0.0,0.0,1.0,0.0
335,4660360003,0212828H,AimBig Employment INVERELL,AALL,1.0,0.0,0.0,0.0,0.0,1.0
336,7419955009,0212812K,AimBig Employment THE ENTRANCE,AALL,0.0,0.0,0.0,0.0,0.0,0.0
337,1428890509,0212804K,AimBig Employment AITKENVALE,MENH,0.0,0.0,0.0,0.0,0.0,0.0
338,2464401009,0212826F,AimBig Employment COFFS HARBOUR,AALL,0.0,0.0,0.0,0.0,1.0,0.0
339,5108707809,0212861J,AimBig Employment GLENORCHY,AALL,1.0,0.0,0.0,0.0,0.0,0.0
340,8183576003,0212846K,AimBig Employment BURWOOD,MENH,0.0,0.0,0.0,0.0,0.0,0.0
341,7273560409,0212898K,AimBig Employment HORNSBY,AALL,1.0,1.0,0.0,0.0,1.0,0.0
342,8126968509,0212881B,AimBig Employment WYONG,AALL,1.0,0.0,0.0,0.0,0.0,0.0
343,912481909,0212894G,AimBig Employment BENDIGO,AALL,1.0,0.0,0.0,0.0,0.0,0.0
344,3445622109,0212845J,AimBig Employment LEICHHARDT,AALL,0.0,0.0,0.0,0.0,0.0,0.0
345,3795963709,0212817E,AimBig Employment CRAIGIEBURN,AALL,1.0,0.0,0.0,0.0,1.0,0.0
346,7194494003,0212881B,AimBig Employment KANWAL,AALL,1.0,1.0,0.0,0.0,1.0,0.0
347,499042809,0212822B,AimBig Employment WERRIBEE,MENH,0.0,0.0,0.0,0.0,0.0,0.0
348,945954709,0212822B,AimBig Employment WERRIBEE,MENH,1.0,0.0,0.0,0.0,1.0,0.0
349,7162876109,0212795D,AimBig Employment NORTH LAKES,AALL,0.0,0.0,0.0,0.0,0.0,0.0
350,9652546409,0212881B,AimBig Employment KANWAL,AALL,1.0,1.0,0.0,0.0,1.0,0.0
351,8228725409,0212849B,AimBig Employment CAMPBELLTOWN,AALL,1.0,0.0,0.0,0.0,0.0,0.0
352,11890200,0212829J,AimBig Employment LISMORE,AALL,0.0,0.0,0.0,0.0,0.0,0.0
353,15461300,0212795D,AimBig Employment FORTITUDE VALLEY,AALL,0.0,1.0,0.0,0.0,1.0,0.0
354,361485019,0212897K,AimBig Employment ROMA,AALL,1.0,0.0,0.0,0.0,0.0,0.0
355,377947709,0212813A,AimBig Employment CESSNOCK,AALL,1.0,1.0,0.0,0.0,1.0,0.0
356,2068052019,0212848A,AimBig Employment LIVERPOOL,AALL,1.0,1.0,0.0,0.0,1.0,0.0
357,8488681019,0212844H,AimBig Employment FAIRFIELD,AALL,1.0,0.0,0.0,0.0,1.0,0.0
358,2157764709,0212795D,AimBig Employment CHERMSIDE,AALL,1.0,1.0,0.0,0.0,1.0,0.0
359,9337365809,0212845J,AimBig Employment LEICHHARDT,AALL,0.0,0.0,0.0,0.0,0.0,0.0
360,1750003003,0212814B,AimBig Employment TAMWORTH,AALL,1.0,1.0,0.0,0.0,1.0,0.0
361,9054271309,0212879H,AimBig Employment MITCHELTON,AALL,0.0,0.0,0.0,0.0,1.0,0.0
362,4201243003,0212799H,AimBig Employment CAIRNS CITY,MUSK,1.0,0.0,0.0,0.0,1.0,0.0
363,9477120809,0212886G,AimBig Employment BROADMEADOWS,AALL,1.0,0.0,0.0,0.0,0.0,0.0
364,7400391004,0212897K,AimBig Employment DALBY,AALL,0.0,0.0,0.0,0.0,0.0,0.0
365,1967451509,0212795D,AimBig Employment NORTH LAKES,AALL,0.0,0.0,0.0,0.0,0.0,0.0
366,6463963809,0212819G,AimBig Employment FRANKSTON,MUSK,1.0,1.0,0.0,0.0,1.0,0.0
367,9770440709,0212814B,AimBig Employment TAMWORTH,AALL,0.0,0.0,0.0,0.0,0.0,0.0
368,1657654003,0212857B,AimBig Employment WOLLONGONG,MUSK,1.0,0.0,0.0,0.0,0.0,0.0
369,1078951709,0212882C,AimBig Employment MAITLAND,AALL,0.0,0.0,0.0,0.0,0.0,0.0
370,6555005909,0212825E,AimBig Employment MELBOURNE,MUSK,1.0,1.0,0.0,0.0,1.0,0.0
371,5533922019,0212855K,AimBig Employment HURSTVILLE,AALL,0.0,0.0,0.0,0.0,0.0,0.0
372,1490897909,0212849B,AimBig Employment CAMPBELLTOWN,AALL,0.0,1.0,1.0,0.0,1.0,0.0
373,4996173019,0212900K,AimBig Employment SURRY HILLS,AALL,1.0,1.0,0.0,0.0,1.0,0.0
374,3692930009,0212820K,AimBig Employment EPPING,MENH,1.0,1.0,0.0,0.0,1.0,0.0
375,3781866003,0212900K,AimBig Employment DARLINGHURST,AALL,0.0,0.0,0.0,0.0,1.0,0.0
376,6932076909,0212845J,AimBig Employment SURRY HILLS,AALL,1.0,1.0,0.0,0.0,0.0,0.0
377,341280,0212820K,AimBig Employment HEIDELBERG,MENH,0.0,1.0,0.0,0.0,1.0,0.0
378,8209369709,0212889K,AimBig Employment GLEN INNES,AALL,1.0,1.0,1.0,0.0,1.0,0.0
379,7799963004,0212805A,AimBig Employment AITKENVALE,MUSK,1.0,1.0,0.0,0.0,1.0,0.0
380,477260006,0212818F,AimBig Employment FRANKSTON,MENH,0.0,0.0,0.0,0.0,0.0,0.0
381,5036964909,0212898K,AimBig Employment HORNSBY,AALL,0.0,0.0,0.0,0.0,1.0,0.0
382,1799928003,0212814B,AimBig Employment TAMWORTH,AALL,0.0,0.0,0.0,0.0,0.0,0.0
383,14588220,0212841E,AimBig Employment HORNSBY,AALL,1.0,0.0,0.0,0.0,0.0,0.0
384,9985676409,0212879H,AimBig Employment NORTH LAKES,AALL,1.0,0.0,0.0,0.0,0.0,0.0
385,340715119,0212895H,AimBig Employment Pty Ltd GEELONG,AALL,1.0,0.0,0.0,0.0,1.0,0.0
386,2633065409,0212831C,AimBig Employment ROCKINGHAM,MENH,0.0,0.0,0.0,0.0,1.0,0.0
387,6505879209,0212879H,AimBig Employment NORTH LAKES,AALL,0.0,0.0,0.0,0.0,1.0,0.0
388,4677683109,0212814B,AimBig Employment TAMWORTH,AALL,0.0,0.0,0.0,0.0,0.0,0.0
389,589669509,0212828H,AimBig Employment INVERELL,AALL,1.0,0.0,1.0,0.0,0.0,0.0
390,7495948709,0212853J,AimBig Employment MOUNT DRUITT,MENH,1.0,1.0,0.0,0.0,0.0,0.0
391,904010,0212898K,AimBig Employment BAULKHAM HILLS,AALL,0.0,1.0,0.0,0.0,1.0,0.0
392,4651215209,0212840D,AimBig Employment BANKSTOWN,MUSK,1.0,0.0,0.0,0.0,1.0,0.0
393,4321090,0212844H,AimBig Employment CABRAMATTA,AALL,1.0,0.0,0.0,0.0,0.0,0.0
394,16376540,0212845J,AimBig Employment SURRY HILLS,AALL,1.0,1.0,0.0,0.0,1.0,0.0
395,2287070003,0212829J,AimBig Employment CASINO,AALL,1.0,1.0,0.0,0.0,1.0,0.0
396,4278344609,0212822B,AimBig Employment SUNSHINE,MENH,1.0,0.0,0.0,0.0,1.0,0.0
397,2149511019,0212841E,AimBig Employment AUBURN,AALL,0.0,0.0,0.0,0.0,1.0,0.0
398,903715007,0212793B,AimBig Employment SURFERS PARADISE,MENH,0.0,1.0,0.0,0.0,1.0,0.0
399,4438859109,0212841E,AimBig Employment HORNSBY,AALL,0.0,0.0,0.0,0.0,0.0,0.0
400,4141086209,0212861J,AimBig Employment GLENORCHY,AALL,1.0,0.0,0.0,0.0,1.0,0.0
401,1532390004,0212838K,AimBig Employment DALBY,AALL,1.0,1.0,0.0,0.0,1.0,0.0
402,4871344609,0212793B,AimBig Employment NERANG,MENH,0.0,0.0,0.0,0.0,0.0,0.0
403,13312030,0212795D,AimBig Employment FORTITUDE VALLEY,AALL,1.0,0.0,0.0,0.0,1.0,0.0
404,7382390119,0212795D,AimBig Employment CHERMSIDE,AALL,0.0,0.0,0.0,0.0,0.0,0.0
405,1196425909,0212847K,AimBig Employment BURWOOD,MUSK,0.0,0.0,0.0,0.0,0.0,0.0
406,7735648709,0212900K,AimBig Employment MARRICKVILLE,AALL,1.0,1.0,1.0,0.0,1.0,0.0
407,6199017409,0212886G,AimBig Employment MOONEE PONDS,AALL,1.0,1.0,0.0,0.0,1.0,0.0
408,17003930,0212823C,AimBig Employment WERRIBEE,MUSK,1.0,1.0,0.0,0.0,1.0,0.0
409,919471409,0212823C,AimBig Employment TAYLORS LAKES,MUSK,1.0,1.0,0.0,0.0,1.0,0.0
410,8836331003,0212902B,AimBig Employment CAMPBELLTOWN,AALL,1.0,0.0,0.0,0.0,1.0,0.0
411,9920290,0212841E,AimBig Employment AUBURN,AALL,1.0,0.0,0.0,0.0,0.0,0.0
412,171140409,0212813A,AimBig Employment MAITLAND,AALL,0.0,0.0,0.0,0.0,0.0,0.0
413,8640824004,0212838K,AimBig Employment CHINCHILLA,AALL,0.0,0.0,1.0,0.0,0.0,0.0
414,2599150,0212900K,AimBig Employment DARLINGHURST,AALL,1.0,0.0,0.0,0.0,0.0,0.0
415,9448314509,0212900K,AimBig Employment SYDNEY,AALL,1.0,0.0,0.0,0.0,0.0,0.0
416,9682900509,0212861J,AimBig Employment ROSNY PARK,AALL,1.0,0.0,0.0,0.0,1.0,0.0
417,4329475909,0212882C,AimBig Employment CESSNOCK,AALL,0.0,0.0,0.0,0.0,0.0,0.0
418,7747251209,0212823C,AimBig Employment Pty Ltd MELTON,MUSK,0.0,0.0,0.0,0.0,1.0,0.0
419,4572521009,0212823C,AimBig Employment Pty Ltd MELTON,MUSK,0.0,0.0,0.0,0.0,0.0,0.0
420,1138935019,0212862K,AimBig Employment CORIO,AALL,0.0,0.0,0.0,0.0,0.0,0.0
421,610158809,0212795D,AimBig Employment TOOWONG,AALL,1.0,0.0,0.0,0.0,0.0,0.0
422,8805836509,0212849B,AimBig Employment CAMPBELLTOWN,AALL,1.0,1.0,0.0,0.0,0.0,0.0
423,8334292019,0212795D,AimBig Employment CHERMSIDE,AALL,0.0,0.0,0.0,0.0,1.0,0.0
424,3531188109,0212795D,AimBig Employment TOOWONG,AALL,0.0,0.0,0.0,0.0,0.0,0.0
425,6866753009,0212879H,AimBig Employment TOOWONG,AALL,1.0,1.0,0.0,0.0,1.0,0.0
426,3750889019,0212904D,AimBig Employment ROCKDALE,AALL,0.0,0.0,0.0,0.0,0.0,0.0
427,627056003,0212889K,AimBig Employment INVERELL,AALL,1.0,1.0,0.0,0.0,1.0,0.0
428,2740206119,0212897K,AimBig Employment DALBY,AALL,0.0,1.0,0.0,0.0,0.0,0.0
429,2515650019,0212795D,AimBig Employment NORTH LAKES,AALL,1.0,1.0,0.0,0.0,1.0,0.0
430,18660880,0212812K,AimBig Employment ETTALONG BEACH,AALL,1.0,0.0,0.0,0.0,1.0,0.0
431,17954390,0212825E,AimBig Employment MELBOURNE,MUSK,1.0,0.0,0.0,0.0,1.0,0.0
432,3533807809,0212845J,AimBig Employment LEICHHARDT,AALL,1.0,1.0,1.0,0.0,1.0,0.0
433,3932463003,0212812K,AimBig Employment WOY WOY,AALL,1.0,1.0,0.0,0.0,0.0,0.0
434,206479109,0212843G,AimBig Employment BONDI JUNCTION,MUSK,1.0,0.0,0.0,0.0,1.0,0.0
435,851094709,0212823C,AimBig Employment WERRIBEE,MUSK,0.0,0.0,0.0,0.0,0.0,0.0
436,1628416009,0212845J,AimBig Employment MARRICKVILLE,AALL,0.0,0.0,0.0,0.0,0.0,0.0
437,425604609,0212897K,AimBig Employment MILES,AALL,0.0,0.0,1.0,0.0,0.0,0.0
438,6017560,0212844H,AimBig Employment FAIRFIELD,AALL,1.0,0.0,0.0,0.0,0.0,0.0
439,17478909,0212791K,AimBig Employment MILE END,MENH,0.0,0.0,0.0,0.0,1.0,0.0
440,9885245809,0212839K,AimBig Employment BANKSTOWN,MENH,0.0,0.0,0.0,0.0,1.0,0.0
441,115885309,0212889K,AimBig Employment Pty Ltd. ARMIDALE,AALL,1.0,0.0,0.0,0.0,0.0,0.0
442,1050201003,0212898K,AimBig Employment HORNSBY,AALL,1.0,1.0,0.0,0.0,0.0,0.0
443,3298140,0212899A,AimBig Employment FAIRFIELD,AALL,0.0,0.0,0.0,0.0,0.0,0.0
444,5985555309,0212900K,AimBig Employment SYDNEY,AALL,0.0,0.0,0.0,0.0,1.0,0.0
445,8487110709,0212849B,AimBig Employment CAMPBELLTOWN,AALL,1.0,1.0,1.0,0.0,1.0,0.0
446,6233538009,0212844H,AimBig Employment FAIRFIELD,AALL,0.0,0.0,0.0,0.0,0.0,0.0
447,1433720019,0212822B,AimBig Employment WERRIBEE,MENH,0.0,0.0,0.0,0.0,0.0,0.0
448,5400333003,0212844H,AimBig Employment CABRAMATTA,AALL,1.0,0.0,0.0,0.0,0.0,0.0
449,1667800,0212902B,AimBig Employment CAMPBELLTOWN,AALL,0.0,0.0,0.0,0.0,0.0,0.0
450,1330141003,0212899A,AimBig Employment CABRAMATTA,AALL,0.0,0.0,0.0,0.0,0.0,0.0
451,5301812409,0212823C,AimBig Employment TAYLORS LAKES,MUSK,0.0,0.0,0.0,0.0,1.0,0.0
452,15258090,0212825E,AimBig Employment MELBOURNE,MUSK,1.0,0.0,0.0,0.0,1.0,0.0
453,9074210,0212881B,AimBig Employment ETTALONG BEACH,AALL,1.0,1.0,0.0,0.0,1.0,0.0
454,2823866809,0212841E,AimBig Employment BAULKHAM HILLS,AALL,1.0,1.0,0.0,0.0,1.0,0.0
455,892137609,0212804K,AimBig Employment AITKENVALE,MENH,1.0,0.0,0.0,0.0,0.0,0.0
456,2111640,0212795D,AimBig Employment NORTH LAKES,AALL,0.0,0.0,0.0,0.0,0.0,0.0
457,3213945007,0212818F,AimBig Employment FRANKSTON,MENH,0.0,0.0,0.0,0.0,0.0,0.0
458,1230914409,0212823C,AimBig Employment NEWPORT,MUSK,1.0,1.0,0.0,0.0,1.0,0.0
459,625797409,0212838K,AimBig Employment ROMA,AALL,1.0,0.0,0.0,0.0,1.0,0.0
460,1002632003,0212829J,AimBig Employment LISMORE,AALL,1.0,1.0,0.0,0.0,1.0,0.0
461,4387725509,0212861J,AimBig Employment HOBART,AALL,0.0,0.0,1.0,0.0,0.0,0.0
462,482398309,0212879H,AimBig Employment NORTH LAKES,AALL,0.0,0.0,0.0,0.0,1.0,0.0
463,2921766609,0212795D,AimBig Employment MITCHELTON,AALL,1.0,0.0,0.0,0.0,1.0,0.0
464,3803433009,0212879H,AimBig Employment TOOWONG,AALL,1.0,0.0,0.0,0.0,0.0,0.0
465,5815491909,0212875D,AimBig Employment CALOUNDRA,MUSK,1.0,1.0,0.0,0.0,1.0,0.0
466,2924421003,0212850F,AimBig Employment PENRITH,AALL,0.0,0.0,0.0,0.0,0.0,0.0
467,842721007,0212823C,AimBig Employment TAYLORS LAKES,MUSK,1.0,0.0,0.0,0.0,0.0,0.0
468,6541852004,0212879H,AimBig Employment TOOWONG,AALL,0.0,0.0,0.0,0.0,1.0,0.0
469,9836268309,0212889K,AimBig Employment GLEN INNES,AALL,1.0,0.0,0.0,0.0,1.0,0.0
470,10853120,0212846K,AimBig Employment BURWOOD,MENH,1.0,1.0,0.0,0.0,1.0,0.0
471,7772946709,0212845J,AimBig Employment SURRY HILLS,AALL,1.0,0.0,1.0,0.0,0.0,0.0
472,2543148209,0212898K,AimBig Employment BAULKHAM HILLS,AALL,1.0,1.0,0.0,0.0,1.0,0.0
473,5575775004,0212795D,AimBig Employment CHERMSIDE,AALL,0.0,0.0,0.0,0.0,0.0,0.0
474,8377546409,0212829J,AimBig Employment LISMORE,AALL,1.0,0.0,1.0,0.0,0.0,0.0
475,5478721809,0212812K,AimBig Employment KANWAL,AALL,1.0,1.0,0.0,0.0,1.0,0.0
476,9432751119,0212900K,AimBig Employment SURRY HILLS,AALL,1.0,0.0,0.0,0.0,1.0,0.0
477,1753559609,0212898K,AimBig Employment BAULKHAM HILLS,AALL,0.0,0.0,0.0,0.0,1.0,0.0
478,8606234509,0212814B,AimBig Employment TAMWORTH,AALL,0.0,0.0,0.0,0.0,0.0,0.0
479,3781681007,0212886G,AimBig Employment MOONEE PONDS,AALL,1.0,1.0,0.0,0.0,1.0,0.0
480,6116247009,0212861J,AimBig Employment GLENORCHY,AALL,0.0,0.0,0.0,0.0,1.0,0.0
481,4221670,0212886G,AimBig Employment MOONEE PONDS,AALL,1.0,1.0,0.0,0.0,0.0,0.0
482,18687210,0212845J,AimBig Employment LEICHHARDT,AALL,0.0,0.0,0.0,0.0,0.0,0.0
483,3429541007,0212817E,AimBig Employment CRAIGIEBURN,AALL,0.0,0.0,0.0,0.0,0.0,0.0
484,7254409809,0212823C,AimBig Employment NEWPORT,MUSK,1.0,1.0,1.0,0.0,1.0,0.0
485,9813657003,0212839K,AimBig Employment BANKSTOWN,MENH,1.0,0.0,0.0,0.0,0.0,0.0
486,7452613019,0212823C,AimBig Employment WERRIBEE,MUSK,1.0,1.0,0.0,0.0,0.0,0.0
487,5331746007,0212823C,AimBig Employment NEWPORT,MUSK,0.0,0.0,0.0,0.0,0.0,0.0
488,3984080007,0212823C,AimBig Employment WERRIBEE,MUSK,1.0,1.0,0.0,0.0,0.0,0.0
489,9357734809,0212832D,AimBig Employment ROCKINGHAM,MUSK,1.0,1.0,0.0,0.0,0.0,0.0
490,8714270,0212862K,AimBig Employment Pty Ltd GEELONG,AALL,1.0,1.0,0.0,0.0,0.0,0.0
491,9870890007,0212817E,AimBig Employment MOONEE PONDS,AALL,1.0,0.0,0.0,0.0,1.0,0.0
492,780925007,0212822B,AimBig Employment Pty Ltd ST ALBANS,MENH,1.0,1.0,0.0,0.0,1.0,0.0
493,1366556709,0212823C,AimBig Employment NEWPORT,MUSK,0.0,0.0,0.0,0.0,0.0,0.0
494,4476140809,0212895H,AimBig Employment CORIO,AALL,1.0,0.0,0.0,0.0,1.0,1.0
495,6470535609,0212817E,AimBig Employment BROADMEADOWS,AALL,1.0,0.0,0.0,0.0,1.0,0.0
496,4000777409,0212841E,AimBig Employment HORNSBY,AALL,1.0,1.0,0.0,0.0,0.0,0.0
497,7800150007,0212823C,AimBig Employment TAYLORS LAKES,MUSK,0.0,0.0,0.0,0.0,0.0,0.0
498,7442698019,0212804K,AimBig Employment AITKENVALE,MENH,0.0,0.0,0.0,0.0,0.0,0.0
499,966877009,0212881B,AimBig Employment ETTALONG BEACH,AALL,1.0,0.0,0.0,0.0,1.0,0.0
500,8741530,0212812K,AimBig Employment KANWAL,AALL,1.0,1.0,0.0,0.0,1.0,0.0
501,9223141409,0212822B,AimBig Employment Pty Ltd ST ALBANS,MENH,0.0,0.0,0.0,0.0,0.0,0.0
502,5102038809,0212881B,AimBig Employment ETTALONG BEACH,AALL,1.0,0.0,0.0,0.0,0.0,0.0
503,891575119,0212791K,AimBig Employment MILE END,MENH,1.0,1.0,0.0,0.0,1.0,0.0
504,4222638019,0212862K,AimBig Employment CORIO,AALL,1.0,1.0,0.0,0.0,1.0,0.0
505,3084336609,0212882C,AimBig Employment CESSNOCK,AALL,0.0,0.0,0.0,0.0,0.0,0.0
506,17737020,0212816D,AimBig Employment SINGLETON,AALL,1.0,1.0,0.0,0.0,1.0,0.0
507,146998809,0212841E,AimBig Employment AUBURN,AALL,1.0,0.0,0.0,0.0,0.0,0.0
508,6503484909,0212850F,AimBig Employment PENRITH,AALL,0.0,0.0,0.0,0.0,1.0,0.0
509,9201145709,0212889K,AimBig Employment GLEN INNES,AALL,0.0,0.0,0.0,0.0,0.0,0.0
510,649843019,0212855K,AimBig Employment HURSTVILLE,AALL,1.0,0.0,0.0,0.0,0.0,0.0
511,556383003,0212814B,AimBig Employment TAMWORTH,AALL,0.0,0.0,0.0,0.0,0.0,0.0
512,6241696609,0212817E,AimBig Employment MOONEE PONDS,AALL,1.0,1.0,0.0,0.0,1.0,0.0
513,7142321004,0212816D,AimBig Employment SINGLETON,AALL,1.0,0.0,0.0,0.0,0.0,0.0
514,3361384019,0212841E,AimBig Employment AUBURN,AALL,0.0,0.0,0.0,0.0,0.0,0.0
515,2661664009,0212886G,AimBig Employment BROADMEADOWS,AALL,1.0,0.0,0.0,0.0,0.0,0.0
516,5597170,0212845J,AimBig Employment SURRY HILLS,AALL,1.0,1.0,0.0,0.0,1.0,0.0
517,7123334309,0212817E,AimBig Employment BROADMEADOWS,AALL,0.0,1.0,0.0,0.0,1.0,0.0
518,1900491005,0212791K,AimBig Employment MILE END,MENH,0.0,1.0,0.0,0.0,1.0,0.0
519,6168685309,0212849B,AimBig Employment CAMPBELLTOWN,AALL,0.0,0.0,0.0,0.0,1.0,0.0
520,1097206809,0212898K,AimBig Employment BAULKHAM HILLS,AALL,0.0,0.0,0.0,0.0,1.0,0.0
521,2953241709,0212818F,AimBig Employment FRANKSTON,MENH,1.0,1.0,0.0,0.0,0.0,0.0
522,2185312005,0212790K,AimBig Employment PROSPECT,MUSK,1.0,1.0,0.0,0.0,1.0,0.0
523,8872920,0212841E,AimBig Employment BAULKHAM HILLS,AALL,1.0,0.0,0.0,0.0,0.0,1.0
524,3597022007,0212822B,AimBig Employment Pty Ltd BACCHUS MARSH,MENH,1.0,0.0,0.0,0.0,0.0,0.0
525,7011642019,0212889K,AimBig Employment INVERELL,AALL,0.0,1.0,1.0,0.0,1.0,0.0
526,1837593909,0212884E,AimBig Employment BROADMEADOW,AALL,0.0,0.0,1.0,0.0,0.0,0.0
527,16918290,0212861J,AimBig Employment HOBART,AALL,0.0,0.0,0.0,0.0,0.0,0.0
528,741483809,0212825E,AimBig Employment MELBOURNE,MUSK,0.0,0.0,0.0,0.0,0.0,0.0
529,1822890,0212884E,AimBig Employment BROADMEADOW,AALL,1.0,1.0,0.0,0.0,1.0,0.0
530,9006285809,0212793B,AimBig Employment NERANG,MENH,1.0,1.0,0.0,0.0,1.0,0.0
531,16041100,0212845J,AimBig Employment DARLINGHURST,AALL,1.0,1.0,0.0,0.0,0.0,0.0
532,9380894509,0212900K,AimBig Employment LEICHHARDT,AALL,0.0,0.0,0.0,0.0,0.0,0.0
533,7747671109,0212886G,AimBig Employment CRAIGIEBURN,AALL,0.0,0.0,1.0,0.0,0.0,0.0
534,6751137709,0212863K,AimBig Employment WARRNAMBOOL,MENH,1.0,1.0,0.0,0.0,1.0,0.0
535,7674069009,0212881B,AimBig Employment ETTALONG BEACH,AALL,0.0,0.0,0.0,0.0,0.0,0.0
536,8680302409,0212886G,AimBig Employment MOONEE PONDS,AALL,1.0,0.0,0.0,0.0,1.0,0.0
537,4626900,0212820K,AimBig Employment EPPING,MENH,1.0,1.0,0.0,0.0,0.0,0.0
538,5011668509,0212855K,AimBig Employment HURSTVILLE,AALL,1.0,1.0,0.0,0.0,1.0,0.0
539,653830,0212879H,AimBig Employment NORTH LAKES,AALL,0.0,0.0,0.0,0.0,1.0,0.0
540,914280,0212839K,AimBig Employment BANKSTOWN,MENH,0.0,0.0,0.0,0.0,0.0,0.0
541,1885415709,0212840D,AimBig Employment CAMPSIE,MUSK,1.0,1.0,0.0,0.0,1.0,0.0
542,10416750,0212886G,AimBig Employment MOONEE PONDS,AALL,0.0,0.0,0.0,0.0,0.0,0.0
543,739458809,0212817E,AimBig Employment BROADMEADOWS,AALL,1.0,0.0,0.0,0.0,0.0,0.0
544,3622338003,0212882C,AimBig Employment MAITLAND,AALL,0.0,0.0,0.0,0.0,0.0,0.0
545,7890175909,0212841E,AimBig Employment PARRAMATTA,AALL,1.0,0.0,0.0,0.0,0.0,0.0
546,405087003,0212841E,AimBig Employment AUBURN,AALL,1.0,0.0,0.0,0.0,1.0,0.0
547,538195409,0212817E,AimBig Employment MOONEE PONDS,AALL,1.0,1.0,0.0,0.0,1.0,0.0
548,790444109,0212823C,AimBig Employment WERRIBEE,MUSK,1.0,0.0,0.0,0.0,0.0,1.0
549,94826409,0212845J,AimBig Employment LEICHHARDT,AALL,0.0,0.0,0.0,0.0,1.0,0.0
550,4895220,0212897K,AimBig Employment DALBY,AALL,1.0,0.0,0.0,0.0,0.0,0.0
551,2801936409,0212882C,AimBig Employment MAITLAND,AALL,0.0,0.0,0.0,0.0,0.0,0.0
552,599303409,0212849B,AimBig Employment CAMPBELLTOWN,AALL,0.0,0.0,1.0,0.0,0.0,0.0
553,2001338809,0212893F,Aimbig Employment LAUNCESTON,AALL,0.0,0.0,0.0,0.0,0.0,0.0
554,9690101809,0212795D,AimBig Employment MITCHELTON,AALL,0.0,0.0,0.0,0.0,0.0,0.0
555,12065350,0212817E,AimBig Employment MOONEE PONDS,AALL,1.0,0.0,0.0,0.0,1.0,0.0
556,412180,0212817E,AimBig Employment CRAIGIEBURN,AALL,1.0,0.0,0.0,0.0,1.0,0.0
557,2297659809,0212900K,AimBig Employment MARRICKVILLE,AALL,1.0,0.0,0.0,0.0,0.0,0.0
558,16683280,0212879H,AimBig Employment TOOWONG,AALL,1.0,1.0,0.0,0.0,0.0,0.0
559,6841636509,0212845J,AimBig Employment DARLINGHURST,AALL,1.0,0.0,0.0,0.0,0.0,0.0
560,5411464109,0212900K,AimBig Employment SURRY HILLS,AALL,0.0,0.0,0.0,0.0,1.0,0.0
561,7963777809,0212795D,AimBig Employment CHERMSIDE,AALL,1.0,0.0,0.0,0.0,0.0,0.0
562,3328764109,0212895H,AimBig Employment CORIO,AALL,0.0,0.0,1.0,0.0,0.0,0.0
563,5192840,0212805A,AimBig Employment AITKENVALE,MUSK,1.0,0.0,0.0,0.0,1.0,0.0
564,2244585809,0212795D,AimBig Employment NORTH LAKES,AALL,1.0,0.0,0.0,0.0,0.0,0.0
565,18614400,0212850F,AimBig Employment PENRITH,AALL,1.0,0.0,1.0,0.0,1.0,0.0
566,1752679019,0212879H,AimBig Employment TOOWONG,AALL,1.0,1.0,0.0,0.0,1.0,1.0
567,1015910019,0212840D,AimBig Employment BANKSTOWN,MUSK,0.0,0.0,0.0,0.0,0.0,0.0
568,5102362309,0212898K,AimBig Employment BAULKHAM HILLS,AALL,0.0,0.0,0.0,0.0,1.0,0.0
569,15718680,0212836H,AimBig Employment DEAKIN,MUSK,0.0,0.0,0.0,0.0,1.0,0.0
570,460425004,0212795D,AimBig Employment MITCHELTON,AALL,1.0,1.0,0.0,0.0,1.0,0.0
571,9690339309,0212898K,AimBig Employment PARRAMATTA,AALL,0.0,0.0,0.0,0.0,0.0,0.0
572,7333869809,0212817E,AimBig Employment MOONEE PONDS,AALL,1.0,1.0,1.0,0.0,1.0,0.0
573,9826060,0212825E,AimBig Employment MELBOURNE,MUSK,0.0,0.0,0.0,0.0,0.0,0.0
574,7242067309,0212813A,AimBig Employment MAITLAND,AALL,0.0,0.0,0.0,0.0,0.0,0.0
575,229347909,0212894G,AimBig Employment BENDIGO,AALL,1.0,1.0,0.0,0.0,0.0,0.0
576,8092715109,0212817E,AimBig Employment MOONEE PONDS,AALL,0.0,0.0,1.0,0.0,0.0,0.0
577,6750250109,0212849B,AimBig Employment CAMPBELLTOWN,AALL,1.0,1.0,0.0,0.0,1.0,0.0
578,688359609,0212815C,AimBig Employment BROADMEADOW,AALL,1.0,1.0,0.0,0.0,0.0,0.0
579,7040906119,0212814B,AimBig Employment TAMWORTH,AALL,1.0,0.0,0.0,0.0,0.0,0.0
580,876380,0212886G,AimBig Employment CRAIGIEBURN,AALL,0.0,0.0,0.0,0.0,0.0,0.0
581,4209790,0212795D,AimBig Employment MITCHELTON,AALL,0.0,0.0,0.0,0.0,0.0,0.0
582,1235951003,0212900K,AimBig Employment SYDNEY,AALL,0.0,0.0,0.0,0.0,0.0,0.0
583,8775258809,0212849B,AimBig Employment INGLEBURN,AALL,0.0,0.0,0.0,0.0,0.0,0.0
584,19601840,0212825E,AimBig Employment MELBOURNE,MUSK,1.0,0.0,0.0,0.0,1.0,0.0
585,15864810,0212812K,AimBig Employment WOY WOY,AALL,1.0,0.0,0.0,0.0,1.0,0.0
586,9869741007,0212886G,AimBig Employment BROADMEADOWS,AALL,0.0,1.0,0.0,0.0,1.0,0.0
587,2415800,0212841E,AimBig Employment HORNSBY,AALL,1.0,1.0,0.0,0.0,1.0,0.0
588,939618709,0212823C,AimBig Employment NEWPORT,MUSK,0.0,0.0,0.0,0.0,0.0,0.0
589,1910771309,0212812K,AimBig Employment WOY WOY,AALL,1.0,1.0,0.0,0.0,1.0,0.0
590,6948655007,0212820K,AimBig Employment Pty Ltd RESERVOIR,MENH,1.0,0.0,1.0,0.0,0.0,0.0
591,1528542019,0212825E,AimBig Employment MELBOURNE,MUSK,1.0,0.0,1.0,0.0,1.0,0.0
592,5592795007,0212817E,AimBig Employment BROADMEADOWS,AALL,1.0,0.0,0.0,0.0,1.0,0.0
593,7862106007,0212886G,AimBig Employment MOONEE PONDS,AALL,0.0,0.0,0.0,0.0,0.0,0.0
594,152919809,0212898K,AimBig Employment BAULKHAM HILLS,AALL,1.0,0.0,0.0,0.0,0.0,0.0
595,20002690,0212881B,AimBig Employment THE ENTRANCE,AALL,1.0,1.0,0.0,0.0,0.0,0.0
596,8464093809,0212845J,AimBig Employment MARRICKVILLE,AALL,1.0,1.0,0.0,0.0,1.0,0.0
597,5831360,0212849B,AimBig Employment CAMPBELLTOWN,AALL,1.0,1.0,0.0,0.0,1.0,0.0
598,199928109,0212820K,AimBig Employment EPPING,MENH,0.0,0.0,0.0,0.0,0.0,0.0
599,12732740,0212845J,AimBig Employment SURRY HILLS,AALL,1.0,1.0,0.0,0.0,0.0,0.0
600,8895880004,0212817E,AimBig Employment MOONEE PONDS,AALL,0.0,0.0,0.0,0.0,0.0,0.0
601,6335459509,0212900K,AimBig Employment MARRICKVILLE,AALL,1.0,0.0,0.0,0.0,0.0,0.0
602,6890432019,0212823C,AimBig Employment WERRIBEE,MUSK,1.0,1.0,0.0,0.0,1.0,0.0
603,2517282019,0212861J,AimBig Employment HOBART,AALL,1.0,0.0,0.0,0.0,1.0,0.0
604,1590089709,0212881B,AimBig Employment WOY WOY,AALL,1.0,1.0,0.0,0.0,1.0,0.0
605,18131020,0212900K,AimBig Employment LEICHHARDT,AALL,1.0,0.0,0.0,0.0,1.0,0.0
606,7349838309,0212886G,AimBig Employment MOONEE PONDS,AALL,0.0,0.0,1.0,0.0,0.0,0.0
607,8381711709,0212841E,AimBig Employment PARRAMATTA,AALL,1.0,1.0,0.0,0.0,1.0,0.0
608,6938711909,0212820K,AimBig Employment Pty Ltd RESERVOIR,MENH,1.0,1.0,0.0,0.0,0.0,0.0
609,3555780005,0212900K,AimBig Employment SURRY HILLS,AALL,0.0,0.0,0.0,0.0,0.0,0.0
610,6670492119,0212899A,AimBig Employment FAIRFIELD,AALL,0.0,0.0,0.0,0.0,0.0,0.0
611,4874442609,0212832D,AimBig Employment ROCKINGHAM,MUSK,1.0,1.0,0.0,0.0,1.0,0.0
612,4885073009,0212886G,AimBig Employment BROADMEADOWS,AALL,0.0,0.0,0.0,0.0,0.0,0.0
613,4163749809,0212886G,AimBig Employment GLENROY,AALL,1.0,1.0,0.0,0.0,1.0,0.0
614,6213727409,0212817E,AimBig Employment MOONEE PONDS,AALL,0.0,0.0,0.0,0.0,1.0,0.0
615,350350109,0212826F,AimBig Employment COFFS HARBOUR,AALL,1.0,0.0,0.0,0.0,0.0,0.0
616,2249493109,0212871K,AimBig Employment DUBBO,MUSK,1.0,0.0,0.0,0.0,1.0,0.0
617,4645748209,0212844H,AimBig Employment CABRAMATTA,AALL,1.0,0.0,0.0,0.0,0.0,0.0
618,1696946007,0212886G,AimBig Employment MOONEE PONDS,AALL,1.0,1.0,0.0,0.0,1.0,0.0
619,9428523007,0212817E,AimBig Employment BROADMEADOWS,AALL,1.0,1.0,0.0,0.0,1.0,0.0
620,8015248709,0212799H,AimBig Employment CAIRNS CITY,MUSK,1.0,1.0,0.0,0.0,1.0,0.0
621,5976420005,0212868E,AimBig Employment DEVONPORT,MENH,0.0,0.0,0.0,0.0,0.0,0.0
622,783206309,0212848A,AimBig Employment LIVERPOOL,AALL,1.0,0.0,0.0,0.0,1.0,0.0
623,7262395909,0212826F,AimBig Employment NAMBUCCA HEADS,AALL,1.0,0.0,0.0,0.0,0.0,0.0
624,6917596003,0212881B,AimBig Employment KANWAL,AALL,0.0,0.0,0.0,0.0,0.0,0.0
625,9154021509,0212861J,AimBig Employment HOBART,AALL,0.0,0.0,1.0,0.0,0.0,0.0
626,3842051119,0212793B,AimBig Employment BURLEIGH HEADS,MENH,0.0,0.0,0.0,0.0,0.0,0.0
627,2986079609,0212803K,AimBig Employment MACKAY,MUSK,1.0,1.0,0.0,0.0,0.0,0.0
628,5743346509,0212814B,AimBig Employment TAMWORTH,AALL,1.0,0.0,0.0,0.0,0.0,0.0
629,1575537709,0212846K,AimBig Employment BURWOOD,MENH,1.0,1.0,0.0,0.0,0.0,0.0
630,2112490709,0212850F,AimBig Employment PENRITH,AALL,0.0,0.0,0.0,0.0,0.0,0.0
631,4328683004,0212813A,AimBig Employment CESSNOCK,AALL,1.0,1.0,0.0,0.0,1.0,0.0
632,1922877003,0212898K,AimBig Employment AUBURN,AALL,1.0,1.0,0.0,0.0,1.0,0.0
633,1710372019,0212838K,AimBig Employment ROMA,AALL,0.0,0.0,0.0,0.0,0.0,0.0
634,8579738809,0212881B,AimBig Employment WOY WOY,AALL,1.0,0.0,0.0,0.0,1.0,1.0
635,745913019,0212841E,AimBig Employment PARRAMATTA,AALL,1.0,0.0,0.0,0.0,1.0,0.0
636,2715471509,0212844H,AimBig Employment FAIRFIELD,AALL,0.0,0.0,0.0,0.0,0.0,0.0
637,1031636809,0212795D,AimBig Employment STRATHPINE,AALL,1.0,0.0,0.0,0.0,1.0,0.0
638,17944160,0212848A,AimBig Employment LIVERPOOL,AALL,1.0,1.0,0.0,0.0,1.0,0.0
639,3055537709,0212881B,AimBig Employment WOY WOY,AALL,1.0,0.0,0.0,0.0,0.0,0.0
640,836861004,0212813A,AimBig Employment MAITLAND,AALL,0.0,1.0,0.0,0.0,1.0,0.0
641,15258180,0212820K,AimBig Employment Pty Ltd RESERVOIR,MENH,1.0,1.0,0.0,0.0,1.0,0.0
642,14950380,0212793B,AimBig Employment BURLEIGH HEADS,MENH,1.0,0.0,0.0,0.0,0.0,0.0
643,2189323509,0212879H,AimBig Employment NORTH LAKES,AALL,1.0,1.0,0.0,0.0,1.0,0.0
644,9669647609,0212817E,AimBig Employment MOONEE PONDS,AALL,1.0,0.0,0.0,0.0,1.0,0.0
645,710559019,0212817E,AimBig Employment CRAIGIEBURN,AALL,1.0,0.0,0.0,0.0,1.0,0.0
646,2233937019,0212861J,AimBig Employment GLENORCHY,AALL,0.0,0.0,0.0,0.0,0.0,0.0
647,7901761409,0212845J,AimBig Employment MARRICKVILLE,AALL,1.0,0.0,0.0,0.0,1.0,0.0
648,4471160119,0212898K,AimBig Employment PARRAMATTA,AALL,1.0,1.0,0.0,0.0,0.0,0.0
649,5790260,0212898K,AimBig Employment HORNSBY,AALL,1.0,0.0,0.0,0.0,0.0,0.0
650,17735970,0212859D,AimBig Employment BALLARAT CENTRAL,MENH,1.0,1.0,0.0,0.0,0.0,0.0
651,7603408003,0212826F,AimBig Employment COFFS HARBOUR,AALL,1.0,0.0,1.0,0.0,0.0,0.0
652,4062620,0212817E,AimBig Employment CRAIGIEBURN,AALL,0.0,0.0,0.0,0.0,1.0,0.0
653,388935003,0212814B,AimBig Employment TAMWORTH,AALL,0.0,0.0,0.0,0.0,0.0,0.0
654,14124330,0212823C,AimBig Employment TAYLORS LAKES,MUSK,1.0,0.0,0.0,0.0,0.0,0.0
655,3356588609,0212849B,AimBig Employment CAMPBELLTOWN,AALL,1.0,0.0,0.0,0.0,1.0,0.0
656,19917360,0212891D,AimBig Employment DARWIN CITY,AALL,1.0,1.0,0.0,0.0,0.0,0.0
657,8295429209,0212813A,AimBig Employment MAITLAND,AALL,0.0,0.0,0.0,0.0,0.0,0.0
658,8815116609,0212817E,AimBig Employment CRAIGIEBURN,AALL,1.0,0.0,0.0,0.0,0.0,0.0
659,5366226209,0212823C,AimBig Employment TAYLORS LAKES,MUSK,1.0,1.0,0.0,0.0,1.0,0.0
660,4974760,0212845J,AimBig Employment LEICHHARDT,AALL,0.0,0.0,0.0,0.0,0.0,0.0
661,54158109,0212897K,AimBig Employment ROMA,AALL,1.0,1.0,0.0,0.0,1.0,0.0
662,16464980,0212820K,AimBig Employment EPPING,MENH,1.0,1.0,0.0,0.0,1.0,0.0
663,2561577019,0212841E,AimBig Employment HORNSBY,AALL,1.0,1.0,0.0,0.0,1.0,0.0
664,3745960,0212815C,AimBig Employment BROADMEADOW,AALL,1.0,1.0,0.0,0.0,1.0,0.0
665,6081472003,0212844H,AimBig Employment FAIRFIELD,AALL,1.0,0.0,0.0,0.0,0.0,0.0
666,3709826709,0212795D,AimBig Employment TOOWONG,AALL,1.0,1.0,0.0,0.0,1.0,0.0
667,13416900,0212812K,AimBig Employment WOY WOY,AALL,0.0,0.0,0.0,0.0,0.0,0.0
668,6080465007,0212817E,AimBig Employment GLENROY,AALL,1.0,1.0,0.0,0.0,0.0,0.0
669,8969514003,0212812K,AimBig Employment KANWAL,AALL,0.0,0.0,0.0,0.0,0.0,0.0
670,5215190,0212899A,AimBig Employment FAIRFIELD,AALL,1.0,0.0,0.0,0.0,0.0,0.0
671,8562966409,0212817E,AimBig Employment CRAIGIEBURN,AALL,1.0,1.0,0.0,0.0,1.0,0.0
672,812465019,0212900K,AimBig Employment LEICHHARDT,AALL,1.0,1.0,0.0,0.0,1.0,0.0
673,2353827003,0212844H,AimBig Employment CABRAMATTA,AALL,1.0,0.0,0.0,0.0,1.0,0.0
674,6755064909,0212839K,AimBig Employment CAMPSIE,MENH,1.0,0.0,0.0,0.0,0.0,0.0
675,1815760,0212795D,AimBig Employment TOOWONG,AALL,1.0,1.0,0.0,0.0,1.0,0.0
676,3663271809,0212818F,AimBig Employment FRANKSTON,MENH,0.0,1.0,0.0,0.0,1.0,0.0
677,4199245509,0212817E,AimBig Employment CRAIGIEBURN,AALL,1.0,1.0,0.0,0.0,0.0,0.0
678,698036019,0212898K,AimBig Employment BAULKHAM HILLS,AALL,1.0,0.0,0.0,0.0,0.0,0.0
679,4970630,0212881B,AimBig Employment KANWAL,AALL,1.0,1.0,0.0,0.0,0.0,0.0
680,9494953003,0212849B,AimBig Employment CAMPBELLTOWN,AALL,1.0,0.0,0.0,0.0,0.0,0.0
681,7344473609,0212828H,AimBig Employment INVERELL,AALL,0.0,0.0,0.0,0.0,1.0,0.0
682,6222444119,0212791K,AimBig Employment MILE END,MENH,1.0,1.0,0.0,0.0,1.0,0.0
683,410689109,0212849B,AimBig Employment CAMPBELLTOWN,AALL,0.0,0.0,0.0,0.0,0.0,0.0
684,1046270,0212859D,AimBig Employment BALLARAT CENTRAL,MENH,1.0,1.0,0.0,0.0,1.0,0.0
685,1319119809,0212898K,AimBig Employment AUBURN,AALL,1.0,1.0,1.0,0.0,1.0,0.0
686,18575330,0212900K,AimBig Employment LEICHHARDT,AALL,1.0,1.0,0.0,0.0,1.0,0.0
687,18116010,0212791K,AimBig Employment MILE END,MENH,1.0,0.0,0.0,0.0,1.0,0.0
688,960012003,0212900K,AimBig Employment SYDNEY,AALL,0.0,0.0,0.0,0.0,0.0,0.0
689,13498280,0212886G,AimBig Employment MOONEE PONDS,AALL,1.0,0.0,0.0,0.0,1.0,0.0
690,8619166909,0212838K,AimBig Employment ROMA,AALL,0.0,0.0,0.0,0.0,0.0,0.0
691,7368098809,0212820K,AimBig Employment EPPING,MENH,0.0,1.0,1.0,0.0,1.0,0.0
692,5318669909,0212884E,AimBig Employment BROADMEADOW,AALL,1.0,0.0,0.0,0.0,0.0,0.0
693,9459292007,0212862K,AimBig Employment CORIO,AALL,1.0,1.0,0.0,0.0,1.0,0.0
694,5028007003,0212839K,AimBig Employment CAMPSIE,MENH,1.0,1.0,0.0,0.0,0.0,0.0
695,16131509,0212845J,AimBig Employment MARRICKVILLE,AALL,0.0,0.0,0.0,0.0,1.0,0.0
696,3361778809,0212845J,AimBig Employment LEICHHARDT,AALL,1.0,0.0,0.0,0.0,0.0,0.0
697,7473130909,0212795D,AimBig Employment MITCHELTON,AALL,1.0,1.0,0.0,0.0,1.0,0.0
698,4115195309,0212841E,AimBig Employment PARRAMATTA,AALL,1.0,0.0,1.0,0.0,0.0,0.0
699,5558600,0212810J,AimBig Employment BUNBURY,MENH,1.0,1.0,0.0,0.0,0.0,0.0
700,18777490,0212798G,AimBig Employment CAIRNS CITY,MENH,0.0,0.0,0.0,0.0,0.0,0.0
701,517226007,0212818F,AimBig Employment FRANKSTON,MENH,1.0,0.0,0.0,0.0,0.0,0.0
702,4078770007,0212845J,AimBig Employment DARLINGHURST,AALL,0.0,0.0,0.0,0.0,0.0,0.0
703,15649920,0212894G,AimBig Employment BENDIGO,AALL,1.0,1.0,0.0,0.0,0.0,0.0
704,19083990,0212881B,AimBig Employment KANWAL,AALL,1.0,1.0,0.0,0.0,0.0,0.0
705,18233180,0212825E,AimBig Employment MELBOURNE,MUSK,1.0,1.0,0.0,0.0,0.0,0.0
706,6139683007,0212823C,AimBig Employment TAYLORS LAKES,MUSK,1.0,1.0,0.0,0.0,1.0,0.0
707,581700,0212901A,AimBig Employment LIVERPOOL,AALL,1.0,0.0,0.0,0.0,0.0,0.0
708,6170328003,0212881B,AimBig Employment WYONG,AALL,1.0,1.0,0.0,0.0,1.0,0.0
709,1679211709,0212881B,AimBig Employment KANWAL,AALL,0.0,0.0,0.0,0.0,0.0,0.0
710,1834597109,0212854K,AimBig Employment MOUNT DRUITT,MUSK,0.0,0.0,0.0,0.0,0.0,0.0
711,1838155609,0212889K,AimBig Employment GLEN INNES,AALL,1.0,1.0,0.0,0.0,1.0,0.0
712,7409408909,0212886G,AimBig Employment BROADMEADOWS,AALL,1.0,1.0,1.0,0.0,1.0,0.0
713,1373061909,0212898K,AimBig Employment PARRAMATTA,AALL,1.0,0.0,0.0,0.0,0.0,0.0
714,6053956109,0212825E,AimBig Employment MELBOURNE,MUSK,1.0,1.0,0.0,0.0,1.0,0.0
715,2164700,0212845J,AimBig Employment MARRICKVILLE,AALL,1.0,0.0,0.0,0.0,0.0,0.0
716,2866083909,0212901A,AimBig Employment LIVERPOOL,AALL,0.0,1.0,1.0,0.0,1.0,0.0
717,447973003,0212839K,AimBig Employment BANKSTOWN,MENH,1.0,1.0,0.0,0.0,0.0,0.0
718,9587390004,0212838K,AimBig Employment ROMA,AALL,1.0,1.0,0.0,0.0,0.0,0.0
719,3400530309,0212900K,AimBig Employment SYDNEY,AALL,1.0,0.0,0.0,0.0,0.0,0.0
720,1765671004,0212900K,AimBig Employment LEICHHARDT,AALL,0.0,0.0,0.0,0.0,0.0,0.0
721,6319467909,0212845J,AimBig Employment SYDNEY,AALL,0.0,0.0,1.0,0.0,0.0,0.0
722,2572040,0212891D,AimBig Employment CASUARINA,AALL,1.0,1.0,0.0,0.0,0.0,0.0
723,19203680,0212791K,AimBig Employment Pty Ltd. SEATON,MENH,0.0,0.0,0.0,0.0,0.0,0.0
724,17833480,0212901A,AimBig Employment LIVERPOOL,AALL,0.0,0.0,0.0,0.0,1.0,0.0
725,6477478809,0212812K,AimBig Employment THE ENTRANCE,AALL,0.0,0.0,0.0,0.0,0.0,0.0
726,5741952209,0212879H,AimBig Employment MITCHELTON,AALL,0.0,0.0,1.0,0.0,0.0,0.0
727,9068480109,0212793B,AimBig Employment NERANG,MENH,0.0,0.0,0.0,0.0,0.0,0.0
728,854302909,0212881B,AimBig Employment KANWAL,AALL,0.0,0.0,1.0,0.0,0.0,0.0
729,9598373409,0212820K,AimBig Employment Pty Ltd RESERVOIR,MENH,0.0,0.0,0.0,0.0,0.0,0.0
730,1681130,0212900K,AimBig Employment DARLINGHURST,AALL,1.0,1.0,0.0,0.0,1.0,0.0
731,692619019,0212840D,AimBig Employment BANKSTOWN,MUSK,1.0,1.0,0.0,0.0,0.0,0.0
732,587220709,0212795D,AimBig Employment CHERMSIDE,AALL,1.0,1.0,0.0,0.0,1.0,0.0
733,11759750,0212879H,AimBig Employment MITCHELTON,AALL,1.0,0.0,0.0,0.0,0.0,0.0
734,8169954909,0212813A,AimBig Employment MAITLAND,AALL,1.0,1.0,0.0,0.0,0.0,0.0
735,7849246709,0212886G,AimBig Employment MOONEE PONDS,AALL,1.0,1.0,0.0,0.0,0.0,0.0
736,3366770009,0212829J,AimBig Employment LISMORE,AALL,0.0,0.0,0.0,0.0,0.0,0.0
737,7790438909,0212855K,AimBig Employment HURSTVILLE,AALL,1.0,0.0,0.0,0.0,0.0,0.0
738,4478927809,0212798G,AimBig Employment CAIRNS CITY,MENH,0.0,0.0,0.0,0.0,0.0,0.0
739,5540610,0212817E,AimBig Employment BROADMEADOWS,AALL,0.0,0.0,0.0,0.0,0.0,0.0
740,9623657003,0212815C,AimBig Employment BROADMEADOW,AALL,0.0,0.0,0.0,0.0,0.0,0.0
741,854484409,0212841E,AimBig Employment AUBURN,AALL,0.0,0.0,0.0,0.0,1.0,0.0
742,453872909,0212884E,AimBig Employment CHARLESTOWN,AALL,1.0,0.0,0.0,0.0,0.0,0.0
743,5848640,0212849B,AimBig Employment CAMPBELLTOWN,AALL,1.0,0.0,0.0,0.0,0.0,0.0
744,9116711007,0212886G,AimBig Employment CRAIGIEBURN,AALL,0.0,0.0,0.0,0.0,0.0,0.0
745,8437707003,0212882C,AimBig Employment MAITLAND,AALL,1.0,0.0,0.0,0.0,0.0,0.0
746,411661019,0212822B,AimBig Employment Pty Ltd ST ALBANS,MENH,0.0,0.0,0.0,0.0,0.0,0.0
747,1330930,0212886G,AimBig Employment GLENROY,AALL,1.0,1.0,0.0,0.0,1.0,0.0
748,18361850,0212814B,AimBig Employment TAMWORTH,AALL,0.0,0.0,0.0,0.0,0.0,0.0
749,3850688609,0212823C,AimBig Employment Pty Ltd ST ALBANS,MUSK,1.0,0.0,0.0,0.0,0.0,0.0
750,5138596409,0212823C,AimBig Employment Pty Ltd MELTON,MUSK,1.0,1.0,0.0,0.0,1.0,0.0
751,1066199909,0212823C,AimBig Employment TAYLORS LAKES,MUSK,1.0,0.0,0.0,0.0,1.0,0.0
752,4371425019,0212817E,AimBig Employment CRAIGIEBURN,AALL,0.0,1.0,1.0,0.0,1.0,0.0
753,4384090019,0212900K,AimBig Employment MARRICKVILLE,AALL,0.0,1.0,1.0,0.0,1.0,0.0
754,21369709,0212882C,AimBig Employment CESSNOCK,AALL,1.0,0.0,0.0,0.0,0.0,0.0
755,1490820,0212790K,AimBig Employment NORWOOD,MUSK,1.0,1.0,1.0,0.0,1.0,0.0
756,2205920,0212839K,AimBig Employment BANKSTOWN,MENH,1.0,1.0,0.0,0.0,1.0,0.0
757,2192810,0212886G,AimBig Employment MOONEE PONDS,AALL,0.0,1.0,0.0,0.0,0.0,0.0
758,8587413709,0212879H,AimBig Employment TOOWONG,AALL,1.0,0.0,0.0,0.0,1.0,1.0
759,7162721003,0212881B,AimBig Employment THE ENTRANCE,AALL,0.0,0.0,0.0,0.0,0.0,0.0
760,2878234003,0212889K,AimBig Employment GLEN INNES,AALL,1.0,1.0,0.0,0.0,1.0,0.0
761,1388713709,0212825E,AimBig Employment MELBOURNE,MUSK,1.0,1.0,0.0,0.0,1.0,0.0
762,3809130,0212840D,AimBig Employment BANKSTOWN,MUSK,1.0,1.0,0.0,0.0,0.0,0.0
763,1417755019,0212823C,AimBig Employment TAYLORS LAKES,MUSK,0.0,0.0,0.0,0.0,0.0,0.0
764,19372980,0212793B,AimBig Employment BURLEIGH HEADS,MENH,0.0,0.0,0.0,0.0,0.0,0.0
765,262680007,0212822B,AimBig Employment SUNSHINE,MENH,0.0,0.0,0.0,0.0,0.0,0.0
766,9842831509,0212849B,AimBig Employment CAMPBELLTOWN,AALL,1.0,1.0,0.0,0.0,1.0,0.0
767,16341000,0212886G,AimBig Employment GLENROY,AALL,0.0,0.0,0.0,0.0,0.0,0.0
768,9613242119,0212818F,AimBig Employment FRANKSTON,MENH,1.0,1.0,0.0,0.0,1.0,0.0
769,1540260,0212879H,AimBig Employment NORTH LAKES,AALL,1.0,1.0,0.0,0.0,0.0,0.0
770,3149310,0212844H,AimBig Employment FAIRFIELD,AALL,0.0,0.0,1.0,0.0,0.0,0.0
771,7727903003,0212884E,AimBig Employment BROADMEADOW,AALL,1.0,1.0,0.0,0.0,1.0,0.0
772,3351114007,0212820K,AimBig Employment Pty Ltd RESERVOIR,MENH,0.0,0.0,0.0,0.0,1.0,0.0
773,7055010009,0212864A,AimBig Employment WARRNAMBOOL,MUSK,1.0,0.0,0.0,0.0,1.0,0.0
774,8810290109,0212821A,AimBig Employment Pty Ltd RESERVOIR,MUSK,1.0,0.0,0.0,0.0,1.0,0.0
775,3082066309,0212848A,AimBig Employment LIVERPOOL,AALL,0.0,0.0,1.0,0.0,0.0,0.0
776,7477599509,0212823C,AimBig Employment TAYLORS LAKES,MUSK,0.0,0.0,0.0,0.0,0.0,0.0
777,9488644109,0212848A,AimBig Employment LIVERPOOL,AALL,0.0,0.0,0.0,0.0,1.0,0.0
778,2821077709,0212822B,AimBig Employment NEWPORT,MENH,1.0,1.0,0.0,0.0,0.0,0.0
779,260536709,0212793B,AimBig Employment SOUTHPORT,MENH,1.0,1.0,0.0,0.0,0.0,0.0
780,9683363019,0212889K,AimBig Employment GLEN INNES,AALL,1.0,0.0,0.0,0.0,0.0,0.0
781,3287255003,0212881B,AimBig Employment WOY WOY,AALL,0.0,0.0,0.0,0.0,0.0,0.0
782,9101053609,0212900K,AimBig Employment LEICHHARDT,AALL,0.0,0.0,0.0,0.0,0.0,0.0
783,1881440,0212900K,AimBig Employment DARLINGHURST,AALL,0.0,0.0,0.0,0.0,0.0,0.0
784,5649800,0212823C,AimBig Employment Pty Ltd ST ALBANS,MUSK,0.0,0.0,1.0,0.0,0.0,0.0
785,9881633909,0212881B,AimBig Employment WYONG,AALL,0.0,0.0,0.0,0.0,0.0,0.0
786,12297720,0212826F,AimBig Employment COFFS HARBOUR,AALL,1.0,1.0,0.0,0.0,1.0,0.0
787,9680132119,0212793B,AimBig Employment NERANG,MENH,1.0,0.0,0.0,0.0,0.0,0.0
788,1506981005,0212791K,AimBig Employment Pty Ltd. SEATON,MENH,1.0,0.0,1.0,0.0,1.0,0.0
789,8131620,0212804K,AimBig Employment AITKENVALE,MENH,1.0,0.0,0.0,0.0,0.0,0.0
790,7854880019,0212826F,AimBig Employment COFFS HARBOUR,AALL,0.0,0.0,0.0,0.0,0.0,0.0
791,6681179019,0212881B,AimBig Employment ETTALONG BEACH,AALL,0.0,0.0,0.0,0.0,0.0,0.0
792,673333909,0212817E,AimBig Employment MOONEE PONDS,AALL,0.0,0.0,0.0,0.0,0.0,0.0
793,1471941909,0212886G,AimBig Employment MOONEE PONDS,AALL,1.0,0.0,0.0,0.0,0.0,0.0
794,2442627409,0212849B,AimBig Employment INGLEBURN,AALL,1.0,0.0,0.0,0.0,0.0,0.0
795,244804004,0212805A,AimBig Employment AITKENVALE,MUSK,0.0,1.0,0.0,0.0,0.0,0.0
796,14484870,0212900K,AimBig Employment LEICHHARDT,AALL,1.0,0.0,0.0,0.0,1.0,0.0
797,6565223019,0212845J,AimBig Employment MARRICKVILLE,AALL,0.0,0.0,0.0,0.0,0.0,0.0
798,3071117209,0212886G,AimBig Employment BROADMEADOWS,AALL,1.0,1.0,0.0,0.0,1.0,0.0
799,17949530,0212846K,AimBig Employment BURWOOD,MENH,0.0,0.0,0.0,0.0,0.0,0.0
800,464900,0212879H,AimBig Employment TOOWONG,AALL,1.0,1.0,0.0,0.0,0.0,0.0
801,6636981709,0212886G,AimBig Employment MOONEE PONDS,AALL,0.0,0.0,1.0,0.0,0.0,0.0
802,3445561019,0212793B,AimBig Employment SOUTHPORT,MENH,1.0,1.0,0.0,0.0,1.0,1.0
803,9868354809,0212886G,AimBig Employment MOONEE PONDS,AALL,1.0,0.0,0.0,0.0,0.0,0.0
804,502258909,0212881B,AimBig Employment WOY WOY,AALL,0.0,1.0,0.0,0.0,0.0,0.0
805,4161946809,0212900K,AimBig Employment LEICHHARDT,AALL,1.0,1.0,0.0,0.0,0.0,0.0
806,3226208909,0212823C,AimBig Employment TAYLORS LAKES,MUSK,1.0,0.0,0.0,0.0,1.0,0.0
807,9548740,0212857B,AimBig Employment WOLLONGONG,MUSK,1.0,1.0,0.0,0.0,0.0,0.0
808,6563440709,0212795D,AimBig Employment FORTITUDE VALLEY,AALL,1.0,0.0,0.0,0.0,0.0,0.0
809,6005480008,0212830B,AimBig Employment BERRIMAH,AALL,1.0,1.0,0.0,0.0,1.0,0.0
810,781683003,0212812K,AimBig Employment ETTALONG BEACH,AALL,1.0,1.0,0.0,0.0,1.0,0.0
811,6474422909,0212820K,AimBig Employment EPPING,MENH,0.0,0.0,0.0,0.0,0.0,0.0
812,2298164609,0212840D,AimBig Employment BANKSTOWN,MUSK,1.0,0.0,0.0,0.0,0.0,0.0
813,4009911709,0212822B,AimBig Employment SUNSHINE,MENH,1.0,1.0,0.0,0.0,1.0,0.0
814,5623057003,0212793B,AimBig Employment NERANG,MENH,1.0,0.0,0.0,0.0,0.0,1.0
815,610457409,0212821A,AimBig Employment Pty Ltd RESERVOIR,MUSK,0.0,0.0,0.0,0.0,0.0,0.0
816,10085770,0212850F,AimBig Employment PENRITH,AALL,0.0,0.0,0.0,0.0,0.0,0.0
817,5706416003,0212899A,AimBig Employment FAIRFIELD,AALL,1.0,1.0,0.0,0.0,1.0,0.0
818,9491135003,0212841E,AimBig Employment AUBURN,AALL,1.0,1.0,0.0,0.0,1.0,0.0
819,9193491004,0212795D,AimBig Employment STRATHPINE,AALL,0.0,0.0,0.0,0.0,0.0,0.0
820,12686870,0212844H,AimBig Employment CABRAMATTA,AALL,0.0,0.0,0.0,0.0,0.0,0.0
821,93152009,0212858C,AimBig Employment BENDIGO,AALL,1.0,0.0,0.0,0.0,0.0,0.0
822,7926450019,0212886G,AimBig Employment MOONEE PONDS,AALL,1.0,0.0,0.0,0.0,0.0,0.0
823,280714709,0212817E,AimBig Employment CRAIGIEBURN,AALL,1.0,1.0,0.0,0.0,1.0,0.0
824,8561343004,0212795D,AimBig Employment CHERMSIDE,AALL,0.0,0.0,0.0,0.0,0.0,0.0
825,6359071809,0212844H,AimBig Employment CABRAMATTA,AALL,1.0,0.0,1.0,0.0,0.0,0.0
826,9919234019,0212817E,AimBig Employment MOONEE PONDS,AALL,0.0,0.0,0.0,0.0,0.0,0.0
827,2846040,0212899A,AimBig Employment FAIRFIELD,AALL,1.0,0.0,0.0,0.0,0.0,0.0
828,19906900,0212823C,AimBig Employment Pty Ltd MELTON,MUSK,1.0,1.0,0.0,0.0,0.0,0.0
829,4171783709,0212815C,AimBig Employment CHARLESTOWN,AALL,1.0,1.0,0.0,0.0,1.0,0.0
830,2948090,0212898K,AimBig Employment BAULKHAM HILLS,AALL,0.0,0.0,0.0,0.0,0.0,0.0
831,595700309,0212850F,AimBig Employment PENRITH,AALL,1.0,0.0,0.0,0.0,1.0,0.0
832,741049709,0212864A,AimBig Employment WARRNAMBOOL,MUSK,1.0,1.0,0.0,0.0,0.0,0.0
833,4823020,0212820K,AimBig Employment HEIDELBERG,MENH,1.0,1.0,0.0,0.0,1.0,0.0
834,14365360,0212879H,AimBig Employment FORTITUDE VALLEY,AALL,0.0,0.0,0.0,0.0,0.0,0.0
835,3983563909,0212822B,AimBig Employment NEWPORT,MENH,1.0,1.0,0.0,0.0,1.0,0.0
836,9812020,0212845J,AimBig Employment SYDNEY,AALL,1.0,0.0,0.0,0.0,0.0,0.0
837,7417724007,0212817E,AimBig Employment GLENROY,AALL,0.0,0.0,0.0,0.0,1.0,0.0
838,8349121007,0212886G,AimBig Employment BROADMEADOWS,AALL,0.0,0.0,0.0,0.0,0.0,0.0
839,6710252709,0212886G,AimBig Employment BROADMEADOWS,AALL,1.0,0.0,0.0,0.0,0.0,0.0
840,4473737003,0212813A,AimBig Employment CESSNOCK,AALL,0.0,0.0,0.0,0.0,0.0,0.0
841,1623177909,0212847K,AimBig Employment BURWOOD,MUSK,1.0,1.0,0.0,0.0,0.0,0.0
842,2504250,0212818F,AimBig Employment FRANKSTON,MENH,1.0,1.0,0.0,0.0,1.0,0.0
843,4998771003,0212845J,AimBig Employment LEICHHARDT,AALL,1.0,0.0,0.0,0.0,1.0,0.0
844,2761538003,0212872A,AimBig Employment ORANGE,MENH,1.0,0.0,0.0,0.0,0.0,0.0
845,6748560007,0212894G,AimBig Employment BENDIGO,AALL,1.0,0.0,0.0,0.0,1.0,0.0
846,5900854119,0212820K,AimBig Employment EPPING,MENH,1.0,0.0,0.0,0.0,0.0,0.0
847,8250822019,0212882C,AimBig Employment CESSNOCK,AALL,0.0,0.0,0.0,0.0,0.0,0.0
848,2881591809,0212831C,AimBig Employment ROCKINGHAM,MENH,0.0,0.0,0.0,0.0,1.0,0.0
849,612906509,0212850F,AimBig Employment PENRITH,AALL,1.0,1.0,0.0,0.0,0.0,0.0
850,1471040,0212902B,AimBig Employment CAMPBELLTOWN,AALL,1.0,1.0,0.0,0.0,1.0,0.0
851,7157070,0212795D,AimBig Employment TOOWONG,AALL,0.0,0.0,0.0,0.0,0.0,0.0
852,355252009,0212793B,AimBig Employment BURLEIGH HEADS,MENH,0.0,0.0,0.0,0.0,0.0,0.0
853,3777340909,0212881B,AimBig Employment WYONG,AALL,1.0,1.0,0.0,0.0,0.0,0.0
854,9908889009,0212822B,AimBig Employment SUNSHINE,MENH,1.0,0.0,0.0,0.0,1.0,0.0
855,7512184109,0212889K,AimBig Employment GLEN INNES,AALL,0.0,0.0,0.0,0.0,0.0,0.0
856,14555340,0212817E,AimBig Employment GLENROY,AALL,0.0,0.0,0.0,0.0,0.0,0.0
857,597558209,0212831C,AimBig Employment ROCKINGHAM,MENH,1.0,1.0,0.0,0.0,0.0,0.0
858,4970243109,0212849B,AimBig Employment INGLEBURN,AALL,1.0,0.0,0.0,0.0,0.0,0.0
859,9136322004,0212846K,AimBig Employment BURWOOD,MENH,1.0,1.0,0.0,0.0,0.0,0.0
860,15365860,0212791K,AimBig Employment MILE END,MENH,1.0,1.0,0.0,0.0,1.0,0.0
861,581860004,0212793B,AimBig Employment SURFERS PARADISE,MENH,0.0,0.0,0.0,0.0,0.0,0.0
862,631628809,0212881B,AimBig Employment THE ENTRANCE,AALL,0.0,0.0,0.0,0.0,0.0,0.0
863,1654772209,0212793B,AimBig Employment SOUTHPORT,MENH,0.0,0.0,0.0,0.0,0.0,0.0
864,8345392003,0212793B,AimBig Employment SOUTHPORT,MENH,1.0,0.0,0.0,0.0,0.0,0.0
865,156311109,0212829J,AimBig Employment CASINO,AALL,1.0,1.0,0.0,0.0,1.0,0.0
866,5447184003,0212814B,AimBig Employment TAMWORTH,AALL,1.0,1.0,0.0,0.0,1.0,0.0
867,2350930019,0212855K,AimBig Employment HURSTVILLE,AALL,1.0,0.0,0.0,0.0,0.0,0.0
868,7278773109,0212902B,AimBig Employment CAMPBELLTOWN,AALL,0.0,0.0,0.0,0.0,1.0,0.0
869,13900800,0212895H,AimBig Employment CORIO,AALL,0.0,0.0,0.0,0.0,0.0,0.0
870,7581141007,0212822B,AimBig Employment TAYLORS LAKES,MENH,0.0,0.0,0.0,0.0,0.0,0.0
871,691881209,0212814B,AimBig Employment TAMWORTH,AALL,1.0,0.0,1.0,0.0,0.0,0.0
872,5677220,0212823C,AimBig Employment TAYLORS LAKES,MUSK,0.0,0.0,0.0,0.0,0.0,0.0
873,1375375909,0212904D,AimBig Employment MIRANDA,AALL,1.0,1.0,0.0,0.0,1.0,0.0
874,7352646019,0212848A,AimBig Employment LIVERPOOL,AALL,1.0,0.0,0.0,0.0,0.0,0.0
875,5000344003,0212900K,AimBig Employment LEICHHARDT,AALL,0.0,0.0,0.0,0.0,0.0,0.0
876,868936003,0212812K,AimBig Employment WOY WOY,AALL,0.0,0.0,0.0,0.0,0.0,0.0
877,967572007,0212822B,AimBig Employment Pty Ltd ST ALBANS,MENH,0.0,0.0,0.0,0.0,0.0,0.0
878,1366201008,0212904D,AimBig Employment MIRANDA,AALL,1.0,1.0,0.0,0.0,0.0,0.0
879,5222510,0212821A,AimBig Employment EPPING,MUSK,1.0,0.0,0.0,0.0,0.0,0.0
880,2070727509,0212841E,AimBig Employment AUBURN,AALL,1.0,0.0,0.0,0.0,0.0,0.0
881,10789750,0212817E,AimBig Employment GLENROY,AALL,0.0,1.0,0.0,0.0,0.0,0.0
882,3045626809,0212845J,AimBig Employment SYDNEY,AALL,1.0,1.0,0.0,0.0,1.0,0.0
883,174542003,0212845J,AimBig Employment SURRY HILLS,AALL,1.0,1.0,0.0,0.0,0.0,0.0
884,1705540008,0212831C,AimBig Employment ROCKINGHAM,MENH,1.0,0.0,0.0,0.0,1.0,0.0
885,72782609,0212850F,AimBig Employment PENRITH,AALL,0.0,0.0,0.0,0.0,0.0,0.0
886,472810,0212899A,AimBig Employment FAIRFIELD,AALL,0.0,0.0,0.0,0.0,0.0,0.0
887,16995460,0212879H,AimBig Employment NORTH LAKES,AALL,0.0,0.0,0.0,0.0,0.0,0.0
888,1151435309,0212821A,AimBig Employment Pty Ltd THOMASTOWN,MUSK,0.0,0.0,0.0,0.0,0.0,0.0
889,8240584119,0212904D,AimBig Employment ROCKDALE,AALL,0.0,0.0,0.0,0.0,0.0,0.0
890,856456009,0212862K,AimBig Employment CORIO,AALL,1.0,1.0,0.0,0.0,1.0,0.0
891,6086559909,0212815C,AimBig Employment BROADMEADOW,AALL,1.0,0.0,0.0,0.0,0.0,0.0
892,1290527609,0212886G,AimBig Employment MOONEE PONDS,AALL,1.0,0.0,0.0,0.0,1.0,0.0
893,1998612209,0212817E,AimBig Employment BROADMEADOWS,AALL,1.0,0.0,0.0,0.0,1.0,0.0
894,669904909,0212828H,AimBig Employment INVERELL,AALL,1.0,1.0,0.0,0.0,1.0,0.0
895,8332235003,0212841E,AimBig Employment AUBURN,AALL,1.0,1.0,0.0,0.0,1.0,0.0
896,6915586809,0212886G,AimBig Employment MOONEE PONDS,AALL,1.0,1.0,0.0,0.0,0.0,0.0
897,2113650709,0212822B,AimBig Employment NEWPORT,MENH,1.0,0.0,0.0,0.0,0.0,0.0
898,2950070109,0212844H,AimBig Employment FAIRFIELD,AALL,0.0,0.0,0.0,0.0,0.0,0.0
899,4171250119,0212900K,AimBig Employment LEICHHARDT,AALL,1.0,0.0,0.0,0.0,0.0,0.0
900,3167010209,0212822B,AimBig Employment Pty Ltd ST ALBANS,MENH,0.0,0.0,0.0,0.0,0.0,0.0
901,3091138309,0212845J,AimBig Employment SURRY HILLS,AALL,1.0,1.0,0.0,0.0,1.0,0.0
902,2854166709,0212823C,AimBig Employment Pty Ltd ST ALBANS,MUSK,1.0,0.0,0.0,0.0,0.0,0.0
903,7457033409,0212793B,AimBig Employment SURFERS PARADISE,MENH,1.0,0.0,0.0,0.0,1.0,0.0
904,83118809,0212882C,AimBig Employment CESSNOCK,AALL,1.0,0.0,0.0,0.0,0.0,0.0
905,1255659609,0212795D,AimBig Employment TOOWONG,AALL,1.0,0.0,0.0,0.0,0.0,0.0
906,9678375709,0212898K,AimBig Employment BAULKHAM HILLS,AALL,1.0,0.0,0.0,0.0,0.0,0.0
907,160964003,0212900K,AimBig Employment LEICHHARDT,AALL,1.0,1.0,0.0,0.0,0.0,0.0
908,340622003,0212838K,AimBig Employment DALBY,AALL,1.0,1.0,0.0,0.0,0.0,0.0
909,12946590,0212847K,AimBig Employment BURWOOD,MUSK,1.0,1.0,0.0,0.0,0.0,0.0
910,5158977009,0212816D,AimBig Employment SINGLETON,AALL,0.0,0.0,0.0,0.0,0.0,0.0
911,4594813003,0212900K,AimBig Employment DARLINGHURST,AALL,0.0,0.0,0.0,0.0,0.0,0.0
912,2250966609,0212879H,AimBig Employment TOOWONG,AALL,0.0,0.0,0.0,0.0,0.0,0.0
913,4425630019,0212881B,AimBig Employment WOY WOY,AALL,1.0,0.0,0.0,0.0,1.0,0.0
914,2455100005,0212902B,AimBig Employment CAMPBELLTOWN,AALL,1.0,0.0,0.0,0.0,0.0,0.0
915,7746750,0212898K,AimBig Employment AUBURN,AALL,0.0,0.0,0.0,0.0,0.0,0.0
916,6129899409,0212813A,AimBig Employment MAITLAND,AALL,1.0,0.0,0.0,0.0,0.0,0.0
917,701114004,0212844H,AimBig Employment CABRAMATTA,AALL,1.0,1.0,0.0,0.0,0.0,0.0
918,13077980,0212904D,AimBig Employment HURSTVILLE,AALL,0.0,0.0,0.0,0.0,1.0,0.0
919,5474140003,0212845J,AimBig Employment SURRY HILLS,AALL,1.0,0.0,0.0,0.0,0.0,0.0
920,899065019,0212848A,AimBig Employment LIVERPOOL,AALL,0.0,0.0,0.0,0.0,0.0,0.0
921,2019430009,0212812K,AimBig Employment ETTALONG BEACH,AALL,0.0,0.0,0.0,0.0,0.0,0.0
922,536587709,0212848A,AimBig Employment LIVERPOOL,AALL,1.0,1.0,0.0,0.0,0.0,0.0
923,7675520,0212815C,AimBig Employment BROADMEADOW,AALL,0.0,0.0,0.0,0.0,0.0,0.0
924,17784130,0212820K,AimBig Employment Pty Ltd THOMASTOWN,MENH,1.0,0.0,0.0,0.0,1.0,0.0
925,15446760,0212904D,AimBig Employment ROCKDALE,AALL,1.0,0.0,0.0,0.0,0.0,0.0
926,1469545609,0212820K,AimBig Employment EPPING,MENH,0.0,0.0,0.0,0.0,0.0,0.0
927,7941010109,0212836H,AimBig Employment PHILLIP,MUSK,1.0,1.0,0.0,0.0,0.0,0.0
928,233390119,0212814B,AimBig Employment TAMWORTH,AALL,1.0,1.0,0.0,0.0,1.0,0.0
929,18712450,0212886G,AimBig Employment MOONEE PONDS,AALL,1.0,1.0,0.0,0.0,1.0,0.0
930,5043854309,0212849B,AimBig Employment INGLEBURN,AALL,1.0,1.0,0.0,0.0,1.0,0.0
931,8438680,0212841E,AimBig Employment HORNSBY,AALL,1.0,1.0,0.0,0.0,1.0,0.0
932,6038622809,0212841E,AimBig Employment AUBURN,AALL,1.0,0.0,0.0,0.0,0.0,0.0
933,374224809,0212847K,AimBig Employment BURWOOD,MUSK,1.0,1.0,0.0,0.0,1.0,0.0
934,8977623019,0212822B,AimBig Employment Pty Ltd MELTON,MENH,1.0,0.0,0.0,0.0,0.0,0.0
935,3231406909,0212850F,AimBig Employment PENRITH,AALL,1.0,0.0,0.0,0.0,1.0,0.0
936,2633408003,0212904D,AimBig Employment HURSTVILLE,AALL,0.0,0.0,0.0,0.0,0.0,0.0
937,7093330609,0212879H,AimBig Employment TOOWONG,AALL,0.0,0.0,0.0,0.0,0.0,0.0
938,9816565909,0212863K,AimBig Employment WARRNAMBOOL,MENH,1.0,0.0,0.0,0.0,0.0,0.0
939,9209842007,0212822B,AimBig Employment SUNSHINE,MENH,0.0,1.0,0.0,0.0,1.0,0.0
940,6698970409,0212823C,AimBig Employment Pty Ltd MELTON,MUSK,0.0,0.0,1.0,0.0,0.0,0.0
941,3704939209,0212821A,AimBig Employment EPPING,MUSK,0.0,0.0,0.0,0.0,0.0,0.0
942,5849570,0212793B,AimBig Employment SURFERS PARADISE,MENH,1.0,0.0,0.0,0.0,1.0,0.0
943,7270410003,0212846K,AimBig Employment BURWOOD,MENH,0.0,0.0,0.0,0.0,0.0,0.0
944,945101309,0212822B,AimBig Employment Pty Ltd HOPPERS CROSSING,MENH,1.0,0.0,0.0,0.0,1.0,0.0
945,847074709,0212822B,AimBig Employment Pty Ltd ST ALBANS,MENH,1.0,1.0,0.0,0.0,0.0,0.0
946,428814009,0212902B,AimBig Employment INGLEBURN,AALL,0.0,0.0,0.0,0.0,0.0,0.0
947,2100225709,0212820K,AimBig Employment HEIDELBERG,MENH,0.0,0.0,0.0,0.0,0.0,0.0
948,12744620,0212881B,AimBig Employment WOY WOY,AALL,1.0,1.0,0.0,0.0,1.0,0.0
949,4305464809,0212848A,AimBig Employment LIVERPOOL,AALL,0.0,0.0,0.0,0.0,1.0,0.0
950,9412986309,0212793B,AimBig Employment BURLEIGH HEADS,MENH,1.0,1.0,0.0,0.0,1.0,0.0
951,16069500,0212795D,AimBig Employment FORTITUDE VALLEY,AALL,1.0,0.0,0.0,0.0,0.0,0.0
952,961860004,0212889K,AimBig Employment GLEN INNES,AALL,0.0,0.0,0.0,0.0,0.0,0.0
953,21402410,0212870K,AimBig Employment DUBBO,MENH,0.0,0.0,0.0,0.0,0.0,0.0
954,8728374909,0212812K,AimBig Employment THE ENTRANCE,AALL,0.0,0.0,0.0,0.0,0.0,0.0
955,18748100,0212845J,AimBig Employment LEICHHARDT,AALL,0.0,0.0,0.0,0.0,1.0,0.0
956,1440048309,0212849B,AimBig Employment CAMPBELLTOWN,AALL,1.0,0.0,1.0,0.0,0.0,0.0
957,7109747809,0212845J,AimBig Employment LEICHHARDT,AALL,1.0,1.0,0.0,0.0,1.0,0.0
958,1688068709,0212882C,AimBig Employment MAITLAND,AALL,0.0,0.0,0.0,0.0,0.0,0.0
959,19566360,0212798G,AimBig Employment CAIRNS CITY,MENH,1.0,0.0,0.0,0.0,1.0,0.0
960,630739709,0212791K,AimBig Employment MILE END,MENH,0.0,0.0,1.0,0.0,0.0,0.0
961,3058140,0212800G,AimBig Employment ROCKHAMPTON CITY,MENH,0.0,0.0,0.0,0.0,0.0,0.0
962,157639009,0212821A,AimBig Employment Pty Ltd RESERVOIR,MUSK,0.0,0.0,0.0,0.0,0.0,0.0
963,13748140,0212898K,AimBig Employment BAULKHAM HILLS,AALL,0.0,0.0,0.0,0.0,0.0,0.0
964,9008719709,0212816D,AimBig Employment SINGLETON,AALL,1.0,0.0,0.0,0.0,0.0,0.0
965,2358343609,0212795D,AimBig Employment MITCHELTON,AALL,1.0,1.0,0.0,0.0,1.0,0.0
966,9211333003,0212902B,AimBig Employment CAMPBELLTOWN,AALL,1.0,0.0,0.0,0.0,0.0,0.0
967,655966809,0212879H,AimBig Employment CHERMSIDE,AALL,1.0,1.0,0.0,0.0,0.0,0.0
968,3580897019,0212793B,AimBig Employment BURLEIGH HEADS,MENH,0.0,0.0,0.0,0.0,0.0,0.0
969,3056579709,0212904D,AimBig Employment HURSTVILLE,AALL,1.0,0.0,0.0,0.0,1.0,0.0
970,5239654709,0212886G,AimBig Employment MOONEE PONDS,AALL,1.0,1.0,0.0,0.0,0.0,0.0
971,417184003,0212845J,AimBig Employment LEICHHARDT,AALL,0.0,0.0,0.0,0.0,0.0,0.0
972,6129486003,0212898K,AimBig Employment PARRAMATTA,AALL,0.0,0.0,0.0,0.0,0.0,0.0
973,356228809,0212879H,AimBig Employment CHERMSIDE,AALL,0.0,0.0,0.0,0.0,0.0,0.0
974,5631427003,0212900K,AimBig Employment MARRICKVILLE,AALL,0.0,0.0,0.0,0.0,0.0,0.0
975,1214671003,0212813A,AimBig Employment MAITLAND,AALL,0.0,0.0,0.0,0.0,0.0,0.0
976,588744509,0212884E,AimBig Employment BROADMEADOW,AALL,1.0,1.0,0.0,0.0,1.0,0.0
977,7704626003,0212793B,AimBig Employment NERANG,MENH,1.0,1.0,0.0,0.0,1.0,0.0
978,9693650007,0212860H,AimBig Employment BALLARAT CENTRAL,MUSK,0.0,0.0,0.0,0.0,0.0,0.0
979,7525185019,0212899A,AimBig Employment CABRAMATTA,AALL,0.0,0.0,1.0,0.0,0.0,0.0
980,9229453004,0212803K,AimBig Employment MACKAY,MUSK,1.0,0.0,0.0,0.0,0.0,0.0
981,11617050,0212822B,AimBig Employment NEWPORT,MENH,1.0,1.0,0.0,0.0,1.0,0.0
982,8738999909,0212849B,AimBig Employment CAMPBELLTOWN,AALL,0.0,0.0,0.0,0.0,0.0,0.0
983,1479498309,0212886G,AimBig Employment CRAIGIEBURN,AALL,0.0,0.0,1.0,0.0,0.0,0.0
984,3939646809,0212882C,AimBig Employment CESSNOCK,AALL,1.0,0.0,0.0,0.0,1.0,1.0
985,9175253709,0212879H,AimBig Employment FORTITUDE VALLEY,AALL,0.0,0.0,0.0,0.0,0.0,0.0
986,5217280,0212790K,AimBig Employment PROSPECT,MUSK,0.0,0.0,0.0,0.0,0.0,0.0
987,18663890,0212884E,AimBig Employment CHARLESTOWN,AALL,1.0,0.0,0.0,0.0,0.0,0.0
988,18434660,0212898K,AimBig Employment HORNSBY,AALL,1.0,1.0,0.0,0.0,1.0,0.0
989,8353648809,0212843G,AimBig Employment BONDI JUNCTION,MUSK,0.0,0.0,0.0,0.0,0.0,0.0
990,19457490,0212817E,AimBig Employment MOONEE PONDS,AALL,1.0,0.0,0.0,0.0,1.0,0.0
991,3555924809,0212816D,AimBig Employment SINGLETON,AALL,1.0,0.0,0.0,0.0,1.0,1.0
992,3867310001,0212841E,AimBig Employment PARRAMATTA,AALL,0.0,0.0,0.0,0.0,0.0,0.0
993,1919871309,0212898K,AimBig Employment BAULKHAM HILLS,AALL,0.0,0.0,0.0,0.0,0.0,0.0
994,15981290,0212820K,AimBig Employment HEIDELBERG,MENH,1.0,1.0,0.0,0.0,0.0,0.0
995,4741231007,0212822B,AimBig Employment Pty Ltd ST ALBANS,MENH,0.0,0.0,0.0,0.0,0.0,0.0
996,10179290,0212795D,AimBig Employment MITCHELTON,AALL,1.0,1.0,0.0,0.0,1.0,0.0
997,2795710002,0212884E,AimBig Employment BROADMEADOW,AALL,0.0,0.0,0.0,0.0,0.0,0.0
998,8594470019,0212820K,AimBig Employment Pty Ltd THOMASTOWN,MENH,1.0,0.0,0.0,0.0,0.0,0.0
999,19827780,0212846K,AimBig Employment BURWOOD,MENH,0.0,0.0,0.0,0.0,0.0,0.0
1000,14358470,0212833E,AimBig Employment OSBORNE PARK,MENH,0.0,0.0,0.0,0.0,0.0,0.0
1001,5653591109,0212855K,AimBig Employment ROCKDALE,AALL,1.0,1.0,0.0,0.0,1.0,0.0
1002,6224310309,0212818F,AimBig Employment FRANKSTON,MENH,0.0,0.0,0.0,0.0,0.0,0.0
1003,7533710809,0212895H,AimBig Employment Pty Ltd GEELONG,AALL,0.0,0.0,0.0,0.0,0.0,0.0
1004,1146549009,0212841E,AimBig Employment AUBURN,AALL,1.0,1.0,0.0,0.0,1.0,0.0
1005,9223903309,0212817E,AimBig Employment GLENROY,AALL,1.0,0.0,0.0,0.0,0.0,0.0
1006,6910819019,0212818F,AimBig Employment FRANKSTON,MENH,0.0,0.0,0.0,0.0,0.0,0.0
1007,4737570909,0212823C,AimBig Employment Pty Ltd MELTON,MUSK,0.0,0.0,0.0,0.0,0.0,0.0
1008,936463809,0212864A,AimBig Employment WARRNAMBOOL,MUSK,1.0,0.0,0.0,0.0,0.0,0.0
1009,3531610209,0212898K,AimBig Employment BAULKHAM HILLS,AALL,1.0,0.0,0.0,0.0,0.0,0.0
1010,857075019,0212819G,AimBig Employment FRANKSTON,MUSK,1.0,1.0,0.0,0.0,0.0,0.0
1011,12890560,0212847K,AimBig Employment BURWOOD,MUSK,1.0,0.0,0.0,0.0,0.0,0.0
1012,4501285309,0212825E,AimBig Employment MELBOURNE,MUSK,1.0,0.0,0.0,0.0,0.0,0.0
1013,799566509,0212826F,AimBig Employment COFFS HARBOUR,AALL,1.0,0.0,0.0,0.0,0.0,0.0
1014,8138546109,0212855K,AimBig Employment ROCKDALE,AALL,1.0,0.0,0.0,0.0,1.0,0.0
1015,21258060,0212793B,AimBig Employment SURFERS PARADISE,MENH,1.0,0.0,0.0,0.0,0.0,0.0
1016,294303409,0212814B,AimBig Employment GUNNEDAH,AALL,0.0,0.0,0.0,0.0,0.0,0.0
1017,5834105009,0212790K,AimBig Employment PROSPECT,MUSK,0.0,0.0,0.0,0.0,1.0,0.0
1018,7958814019,0212879H,AimBig Employment NORTH LAKES,AALL,1.0,1.0,0.0,0.0,1.0,0.0
1019,760235309,0212849B,AimBig Employment CAMPBELLTOWN,AALL,1.0,1.0,0.0,0.0,1.0,0.0
1020,7958554009,0212829J,AimBig Employment LISMORE,AALL,0.0,0.0,0.0,0.0,0.0,0.0
1021,39492609,0212855K,AimBig Employment HURSTVILLE,AALL,0.0,0.0,0.0,0.0,0.0,0.0
1022,4127646409,0212850F,Aimbig Employment RICHMOND,AALL,1.0,0.0,0.0,0.0,0.0,0.0
1023,19841610,0212898K,AimBig Employment MERRYLANDS,AALL,0.0,0.0,0.0,0.0,0.0,0.0
1024,1651195119,0212818F,AimBig Employment FRANKSTON,MENH,1.0,1.0,0.0,0.0,1.0,0.0
1025,279410003,0212841E,AimBig Employment PARRAMATTA,AALL,1.0,0.0,0.0,0.0,1.0,0.0
1026,11637190,0212858C,AimBig Employment BENDIGO,AALL,0.0,0.0,0.0,0.0,0.0,0.0
1027,563689019,0212823C,AimBig Employment Pty Ltd MELTON,MUSK,1.0,0.0,0.0,0.0,1.0,0.0
1028,20722230,0212889K,AimBig Employment GLEN INNES,AALL,1.0,0.0,0.0,0.0,0.0,0.0
1029,16725260,0212795D,AimBig Employment CHERMSIDE,AALL,0.0,0.0,0.0,0.0,0.0,0.0
1030,5354737809,0212845J,AimBig Employment SURRY HILLS,AALL,0.0,1.0,1.0,0.0,1.0,0.0
1031,7980637109,0212884E,AimBig Employment BROADMEADOW,AALL,1.0,0.0,1.0,0.0,0.0,0.0
1032,553871509,0212818F,AimBig Employment Pty Ltd CAPEL SOUND,MENH,0.0,0.0,0.0,0.0,0.0,0.0
1033,5351936509,0212886G,AimBig Employment CRAIGIEBURN,AALL,0.0,0.0,0.0,0.0,0.0,0.0
1034,18759630,0212902B,AimBig Employment CAMPBELLTOWN,AALL,1.0,1.0,0.0,0.0,0.0,0.0
1035,4969974909,0212904D,AimBig Employment HURSTVILLE,AALL,1.0,0.0,0.0,0.0,0.0,0.0
1036,8072049409,0212817E,AimBig Employment GLENROY,AALL,1.0,0.0,0.0,0.0,0.0,0.0
1037,472580109,0212855K,AimBig Employment ROCKDALE,AALL,0.0,0.0,0.0,0.0,0.0,0.0
1038,734020009,0212832D,AimBig Employment ROCKINGHAM,MUSK,0.0,0.0,0.0,0.0,1.0,0.0
1039,2818342509,0212832D,AimBig Employment ROCKINGHAM,MUSK,1.0,1.0,0.0,0.0,0.0,0.0
1040,4189720,0212841E,AimBig Employment AUBURN,AALL,1.0,1.0,0.0,0.0,1.0,0.0
1041,628572009,0212886G,AimBig Employment MOONEE PONDS,AALL,1.0,0.0,0.0,0.0,1.0,0.0
1042,2701091709,0212899A,AimBig Employment CABRAMATTA,AALL,1.0,0.0,0.0,0.0,1.0,0.0
1043,849177809,0212848A,AimBig Employment LIVERPOOL,AALL,1.0,1.0,0.0,0.0,1.0,0.0
1044,9136185019,0212853J,AimBig Employment BLACKTOWN,MENH,1.0,1.0,0.0,0.0,1.0,0.0
1045,191360809,0212898K,AimBig Employment PARRAMATTA,AALL,1.0,0.0,0.0,0.0,1.0,0.0
1046,2386600007,0212821A,AimBig Employment Pty Ltd RESERVOIR,MUSK,0.0,0.0,0.0,0.0,0.0,0.0
1047,18640600,0212833E,AimBig Employment OSBORNE PARK,MENH,0.0,0.0,0.0,0.0,0.0,0.0
1048,4016240,0212841E,AimBig Employment BAULKHAM HILLS,AALL,0.0,0.0,0.0,0.0,0.0,0.0
1049,8501666609,0212853J,AimBig Employment BLACKTOWN,MENH,1.0,1.0,0.0,0.0,1.0,0.0
1050,4138870,0212795D,AimBig Employment TOOWONG,AALL,0.0,0.0,0.0,0.0,0.0,0.0
1051,1673180003,0212828H,AimBig Employment GLEN INNES,AALL,0.0,0.0,0.0,0.0,0.0,0.0
1052,810427909,0212886G,AimBig Employment MOONEE PONDS,AALL,1.0,0.0,0.0,0.0,0.0,0.0
1053,324514019,0212822B,AimBig Employment Pty Ltd ST ALBANS,MENH,1.0,0.0,0.0,0.0,1.0,0.0
1054,8120740,0212904D,AimBig Employment HURSTVILLE,AALL,1.0,0.0,0.0,0.0,1.0,0.0
1055,9194761007,0212820K,AimBig Employment EPPING,MENH,1.0,0.0,0.0,0.0,1.0,0.0
1056,15185040,0212904D,AimBig Employment HURSTVILLE,AALL,1.0,0.0,0.0,0.0,0.0,0.0
1057,53730009,0212822B,AimBig Employment Pty Ltd HOPPERS CROSSING,MENH,1.0,0.0,0.0,0.0,1.0,0.0
1058,21219580,0212821A,AimBig Employment Pty Ltd PRESTON,MUSK,0.0,0.0,0.0,0.0,0.0,0.0
1059,3658910007,0212823C,AimBig Employment WERRIBEE,MUSK,0.0,0.0,0.0,0.0,0.0,0.0
1060,5689242004,0212804K,AimBig Employment AITKENVALE,MENH,0.0,0.0,0.0,0.0,0.0,0.0
1061,5137362509,0212854K,AimBig Employment MOUNT DRUITT,MUSK,0.0,0.0,0.0,0.0,0.0,0.0
1062,9101767709,0212822B,AimBig Employment Pty Ltd ST ALBANS,MENH,1.0,1.0,0.0,0.0,0.0,0.0
1063,6193237509,0212820K,AimBig Employment Pty Ltd PRESTON,MENH,0.0,1.0,0.0,0.0,1.0,0.0
1064,304300019,0212803K,AimBig Employment MACKAY,MUSK,1.0,0.0,0.0,0.0,0.0,0.0
1065,3953260109,0212803K,AimBig Employment MACKAY,MUSK,0.0,0.0,0.0,0.0,1.0,0.0
1066,2181542809,0212840D,AimBig Employment BANKSTOWN,MUSK,1.0,0.0,0.0,0.0,1.0,0.0
1067,1113508909,0212813A,AimBig Employment CESSNOCK,AALL,1.0,1.0,0.0,0.0,0.0,0.0
1068,3516270,0212844H,AimBig Employment FAIRFIELD,AALL,0.0,0.0,0.0,0.0,0.0,0.0
1069,1413254209,0212822B,AimBig Employment WERRIBEE,MENH,0.0,0.0,0.0,0.0,0.0,0.0
1070,2746909,0212820K,AimBig Employment HEIDELBERG,MENH,1.0,0.0,0.0,0.0,0.0,0.0
1071,3932541909,0212886G,AimBig Employment MOONEE PONDS,AALL,1.0,0.0,0.0,0.0,0.0,0.0
1072,3967054007,0212817E,AimBig Employment MOONEE PONDS,AALL,0.0,0.0,0.0,0.0,0.0,0.0
1073,3068650006,0212861J,AimBig Employment GLENORCHY,AALL,0.0,0.0,0.0,0.0,0.0,0.0
1074,3443002109,0212899A,AimBig Employment CABRAMATTA,AALL,1.0,0.0,1.0,0.0,0.0,0.0
1075,18643310,0212893F,Aimbig Employment LAUNCESTON,AALL,1.0,1.0,0.0,0.0,1.0,0.0
1076,20474540,0212850F,Aimbig Employment RICHMOND,AALL,1.0,0.0,0.0,0.0,0.0,0.0
1077,9657338809,0212850F,AimBig Employment PENRITH,AALL,1.0,0.0,0.0,0.0,0.0,0.0
1078,8523059609,0212793B,AimBig Employment NERANG,MENH,0.0,0.0,0.0,0.0,0.0,0.0
1079,5494710,0212831C,AimBig Employment ROCKINGHAM,MENH,0.0,0.0,0.0,0.0,0.0,0.0
1080,5114910,0212899A,AimBig Employment CABRAMATTA,AALL,1.0,0.0,0.0,0.0,1.0,0.0
1081,505311709,0212884E,AimBig Employment BROADMEADOW,AALL,1.0,0.0,0.0,0.0,1.0,1.0
1082,7306974909,0212881B,AimBig Employment ETTALONG BEACH,AALL,1.0,1.0,0.0,0.0,1.0,0.0
1083,5916555909,0212862K,AimBig Employment CORIO,AALL,0.0,0.0,0.0,0.0,0.0,0.0
1084,5706946909,0212882C,AimBig Employment MAITLAND,AALL,1.0,1.0,0.0,0.0,1.0,0.0
1085,3882784809,0212795D,AimBig Employment TOOWONG,AALL,1.0,0.0,0.0,0.0,0.0,0.0
1086,629256509,0212855K,AimBig Employment HURSTVILLE,AALL,1.0,1.0,0.0,0.0,0.0,0.0
1087,5481583109,0212848A,AimBig Employment LIVERPOOL,AALL,1.0,0.0,0.0,0.0,0.0,0.0
1088,9629684809,0212821A,AimBig Employment Pty Ltd RESERVOIR,MUSK,1.0,1.0,0.0,0.0,1.0,0.0
1089,4802730,0212904D,AimBig Employment MIRANDA,AALL,1.0,0.0,0.0,0.0,0.0,0.0
1090,1002814009,0212875D,AimBig Employment CALOUNDRA,MUSK,0.0,0.0,0.0,0.0,1.0,0.0
1091,2087408809,0212822B,AimBig Employment NEWPORT,MENH,1.0,1.0,0.0,0.0,1.0,0.0
1092,1922050119,0212900K,AimBig Employment LEICHHARDT,AALL,1.0,1.0,0.0,0.0,0.0,0.0
1093,8344100002,0212826F,AimBig Employment COFFS HARBOUR,AALL,1.0,0.0,0.0,0.0,0.0,0.0
1094,7877870004,0212897K,AimBig Employment DALBY,AALL,0.0,0.0,0.0,0.0,1.0,0.0
1095,16704230,0212904D,AimBig Employment MIRANDA,AALL,0.0,0.0,0.0,0.0,1.0,0.0
1096,9477734509,0212879H,AimBig Employment CHERMSIDE,AALL,1.0,0.0,0.0,0.0,1.0,0.0
1097,3825170009,0212818F,AimBig Employment FRANKSTON,MENH,0.0,0.0,1.0,0.0,0.0,0.0
1098,3433605609,0212821A,AimBig Employment Pty Ltd RESERVOIR,MUSK,1.0,0.0,0.0,0.0,0.0,0.0
1099,8328469609,0212822B,AimBig Employment Pty Ltd BACCHUS MARSH,MENH,0.0,0.0,0.0,0.0,0.0,0.0
1100,7026210,0212799H,AimBig Employment CAIRNS CITY,MUSK,0.0,0.0,0.0,0.0,0.0,0.0
1101,6218746007,0212848A,AimBig Employment LIVERPOOL,AALL,1.0,0.0,0.0,0.0,0.0,0.0
1102,4123062109,0212801H,AimBig Employment ROCKHAMPTON CITY,MUSK,0.0,0.0,0.0,0.0,0.0,0.0
1103,615882709,0212791K,AimBig Employment MILE END,MENH,1.0,1.0,0.0,0.0,0.0,0.0
1104,2836891309,0212862K,AimBig Employment CORIO,AALL,0.0,1.0,0.0,0.0,1.0,0.0
1105,8771045004,0212818F,AimBig Employment FRANKSTON,MENH,0.0,0.0,0.0,0.0,0.0,0.0
1106,15325790,0212803K,AimBig Employment MACKAY,MUSK,1.0,0.0,0.0,0.0,0.0,0.0
1107,690092007,0212817E,AimBig Employment Pty Ltd SUNBURY,AALL,1.0,0.0,1.0,0.0,0.0,0.0
1108,5766520,0212795D,AimBig Employment TOOWONG,AALL,0.0,0.0,0.0,0.0,0.0,0.0
