,Job_Seeker_ID,Num_13,Den_13,Site_Name,Contract_ID,specialist_site_type_code
0,8653691003,0,1,AimBig Employment FAIRFIELD,0212899A,AALL
0,693930,0,1,AimBig Employment CAMPBELLTOWN,0212849B,
0,1402890004,0,1,AimBig Employment CHERMSIDE,0212879H,AALL
0,2464218019,0,0,AimBig Employment ROCKHAMPTON CITY,0212801H,
0,3210074019,0,1,AimBig Employment BANKSTOWN,0212839K,
0,5023452809,0,1,AimBig Employment DARLINGHURST,0212900K,
0,5190478609,0,1,AimBig Employment CHERMSIDE,0212795D,
0,4575284209,0,1,AimBig Employment GLENORCHY,0212861J,
0,9470522003,0,1,AimBig Employment GOSFORD,0212812K,
0,436699709,0,1,AimBig Employment BROADMEADOW,0212815C,
0,2299994003,0,1,AimBig Employment CAMPSIE,0212839K,
0,1070820,0,1,AimBig Employment BAULKHAM HILLS,0212898K,
0,3992961119,0,0,AimBig Employment SINGLETON,0212816D,
0,3554655109,0,0,AimBig Employment CHERMSIDE,0212795D,
0,8228603709,0,1,AimBig Employment FAIRFIELD,0212844H,
0,4627938409,0,1,AimBig Employment ROCKHAMPTON CITY,0212800G,
0,5504924009,0,0,AimBig Employment MILES,0212897K,
0,1546165409,0,0,AimBig Employment ROCKHAMPTON CITY,0212800G,
0,6783241709,0,0,AimBig Employment CHINCHILLA,0212838K,
0,428214409,0,0,AimBig Employment MAITLAND,0212882C,AALL
0,3249673003,0,0,AimBig Employment CAMPBELLTOWN,0212902B,
0,8138165709,0,1,AimBig Employment HURSTVILLE,0212904D,
0,2382232004,0,0,AimBig Employment CHERMSIDE,0212795D,
0,1186325409,0,1,AimBig Employment WERRIBEE,0212822B,
0,3629693309,0,1,AimBig Employment CAMPSIE,0212840D,
0,786802004,0,1,AimBig Employment CHINCHILLA,0212897K,
0,7532509,0,1,AimBig Employment WERRIBEE,0212822B,
0,168030509,0,0,AimBig Employment MAITLAND,0212882C,
0,7419127003,0,0,AimBig Employment EPPING,0212820K,
0,6793474009,1,1,AimBig Employment MAITLAND,0212813A,
0,669580,0,0,AimBig Employment BROADMEADOWS,0212817E,
0,1218692509,0,1,AimBig Employment WERRIBEE,0212823C,
0,7131964409,0,1,AimBig Employment FAIRFIELD,,
0,612500,0,1,AimBig Employment INGLEBURN,0212849B,
0,3993781209,0,1,AimBig Employment BROADMEADOWS,0212817E,
0,7127115007,1,1,AimBig Employment WERRIBEE,0212823C,
0,4470636509,0,1,AimBig Employment WERRIBEE,0212823C,
0,2883689409,0,1,AimBig Employment WERRIBEE,0212822B,
0,5035840009,0,0,AimBig Employment ROCKHAMPTON CITY,0212800G,
0,6059643009,0,1,AimBig Employment WERRIBEE,0212822B,
0,2325496109,0,1,AimBig Employment WERRIBEE,0212823C,
0,9298105909,0,0,AimBig Employment CAMPBELLTOWN,0212902B,
0,910365509,0,1,AimBig Employment BAULKHAM HILLS,0212898K,
0,950033019,1,1,AimBig Employment HURSTVILLE,0212904D,
0,845241509,0,1,AimBig Employment HURSTVILLE,0212904D,
0,9743848009,0,1,AimBig Employment EPPING,0212821A,MUSK
0,9548135209,0,1,AimBig Employment FAIRFIELD,0212844H,
0,4937869409,1,1,AimBig Employment BANKSTOWN,0212840D,
0,7428106909,1,1,AimBig Employment BANKSTOWN,0212840D,
0,8600978709,0,1,AimBig Employment BANKSTOWN,0212839K,
0,8732584119,0,1,AimBig Employment BANKSTOWN,0212839K,
0,595178909,1,1,AimBig Employment CHERMSIDE,0212879H,
0,4841209309,1,1,AimBig Employment BANKSTOWN,0212839K,
0,2087580,0,1,AimBig Employment MAITLAND,0212882C,
0,844938003,0,1,AimBig Employment MAITLAND,0212882C,
0,9804065609,0,1,AimBig Employment MAITLAND,0212882C,
0,2127597209,1,1,AimBig Employment BROADMEADOWS,0212886G,AALL
0,724370,0,1,AimBig Employment INGLEBURN,0212902B,
0,2884022003,0,1,AimBig Employment BANKSTOWN,0212840D,
0,1736092909,1,1,AimBig Employment WERRIBEE,0212823C,
0,1669950,1,1,AimBig Employment BANKSTOWN,0212839K,MENH
0,256012005,0,0,AimBig Employment GOSFORD,0212812K,
0,3734572809,0,1,AimBig Employment EPPING,0212820K,
0,1262831809,0,1,AimBig Employment ROCKHAMPTON CITY,0212800G,MENH
0,1528323509,1,1,AimBig Employment FRANKSTON,0212818F,
0,6544791909,0,1,AimBig Employment FRANKSTON,0212819G,
0,3916377609,0,1,AimBig Employment MOUNT DRUITT,0212853J,
0,9858137909,0,0,Aimbig Employment LAUNCESTON,0212865B,
0,3201211309,0,1,AimBig Employment CAMPSIE,0212839K,
0,330583209,0,1,AimBig Employment BROADMEADOW,0212815C,
0,8959611809,0,1,AimBig Employment CHINCHILLA,0212897K,
0,4039704909,0,0,AimBig Employment WERRIBEE,0212823C,
0,3425440809,1,1,AimBig Employment HURSTVILLE,0212904D,AALL
0,4463041004,0,1,AimBig Employment FRANKSTON,0212819G,
0,4118372809,0,1,AimBig Employment FRANKSTON,0212818F,
0,2429103409,0,0,AimBig Employment BROADMEADOW,0212815C,
0,8286734003,0,1,AimBig Employment FAIRFIELD,0212844H,
0,2847919809,0,1,AimBig Employment BAULKHAM HILLS,0212898K,
0,6433427609,0,1,AimBig Employment GOSFORD,0212812K,
0,9539968809,0,1,AimBig Employment FRANKSTON,0212818F,
0,3873350409,0,1,AimBig Employment FRANKSTON,0212818F,
0,2583711409,0,1,AimBig Employment GLENORCHY,0212861J,
0,601250,0,0,AimBig Employment BAULKHAM HILLS,0212841E,
0,7649778509,0,1,AimBig Employment FRANKSTON,0212818F,
0,4914832309,0,1,AimBig Employment INGLEBURN,0212902B,
0,2910622019,0,1,AimBig Employment BANKSTOWN,0212840D,
0,768690,0,1,AimBig Employment BANKSTOWN,0212840D,
0,7792368009,0,1,AimBig Employment BANKSTOWN,0212839K,
0,3229030019,0,1,AimBig Employment BROADMEADOW,0212815C,
0,11516119,0,1,AimBig Employment FRANKSTON,0212818F,
0,4722349009,0,1,AimBig Employment MAITLAND,0212882C,
0,861328609,0,0,AimBig Employment EPPING,0212820K,
0,6773302509,0,1,AimBig Employment GOSFORD,0212881B,AALL
0,9338446007,0,1,AimBig Employment SUNSHINE WEST,0212822B,
0,4041779909,1,1,AimBig Employment HURSTVILLE,0212904D,
0,7622505003,0,1,AimBig Employment BROADMEADOW,0212884E,
0,2906981209,1,1,AimBig Employment BROADMEADOW,0212815C,
0,1576403509,0,1,AimBig Employment GOSFORD,0212881B,
0,2452411007,0,1,AimBig Employment SUNSHINE WEST,0212823C,
0,2100143003,0,1,AimBig Employment SURFERS PARADISE,0212794C,
0,4200602809,0,1,AimBig Employment GOSFORD,0212881B,
0,3898265109,0,1,AimBig Employment SINGLETON,0212885F,
0,3527760,0,1,AimBig Employment WERRIBEE,0212822B,
0,8399561109,1,1,AimBig Employment CAMPBELLTOWN,0212902B,AALL
0,3747337009,0,1,AimBig Employment MAITLAND,0212882C,
0,536024109,0,1,AimBig Employment SURFERS PARADISE,0212793B,
0,5789202909,0,1,AimBig Employment CHINCHILLA,0212838K,
0,1532130,0,1,AimBig Employment BANKSTOWN,0212839K,
0,223178019,0,1,AimBig Employment DARLINGHURST,0212845J,
0,9334178609,0,1,AimBig Employment BAULKHAM HILLS,0212898K,
0,349677003,0,1,AimBig Employment BROADMEADOW,,
0,1343399509,0,1,AimBig Employment CORIO,0212895H,
0,9862773109,0,1,AimBig Employment BANKSTOWN,0212840D,
0,7539991003,0,1,AimBig Employment FAIRFIELD,0212844H,AALL
0,52697509,0,1,AimBig Employment CAMPBELLTOWN,0212902B,
0,827100,1,1,AimBig Employment BAULKHAM HILLS,0212898K,
0,941896409,0,1,AimBig Employment FRANKSTON,0212818F,
0,9970959409,0,1,Aimbig Employment LAUNCESTON,0212893F,
0,3973285009,0,1,AimBig Employment CHERMSIDE,0212795D,
0,993650,0,1,AimBig Employment GOSFORD,0212881B,
0,785990,0,1,AimBig Employment BROADMEADOW,0212815C,
0,4871130119,0,0,AimBig Employment MAITLAND,0212813A,
0,8767862019,0,0,AimBig Employment BROADMEADOWS,0212817E,
0,9305818709,0,0,AimBig Employment WERRIBEE,0212822B,
0,5244584709,0,1,AimBig Employment BANKSTOWN,0212840D,
0,3754015109,0,1,AimBig Employment GLENORCHY,0212892E,
0,1771355909,0,1,AimBig Employment CAMPSIE,0212839K,MENH
0,5598607409,0,1,AimBig Employment FRANKSTON,0212818F,
0,618558209,0,1,AimBig Employment BANKSTOWN,0212840D,
0,8748050709,0,1,AimBig Employment HURSTVILLE,0212855K,
0,1181202007,0,1,AimBig Employment CAMPSIE,0212839K,
0,2035704019,0,1,Aimbig Employment LAUNCESTON,0212865B,
0,9204734019,0,1,AimBig Employment BROADMEADOWS,0212817E,
0,6321745209,0,0,AimBig Employment ROCKHAMPTON CITY,0212801H,
0,8363253003,1,1,AimBig Employment BROADMEADOW,0212884E,
0,1294682809,0,1,AimBig Employment FRANKSTON,0212818F,MENH
0,2839763019,0,1,AimBig Employment DARLINGHURST,0212845J,
0,188993709,0,1,AimBig Employment FRANKSTON,0212818F,
0,1446951019,0,1,AimBig Employment EPPING,0212820K,
0,368814003,0,1,AimBig Employment SURFERS PARADISE,0212794C,
0,332894007,0,1,AimBig Employment SUNSHINE WEST,0212822B,
0,6114637409,0,0,AimBig Employment MACKAY,0212803K,
0,2714330,0,1,AimBig Employment CHERMSIDE,0212795D,
0,6163013019,0,1,AimBig Employment BAULKHAM HILLS,0212898K,
0,8961024119,0,1,AimBig Employment MACKAY,0212802J,
0,813387003,0,0,AimBig Employment ROCKHAMPTON CITY,0212800G,
0,149284709,0,1,Aimbig Employment LAUNCESTON,0212865B,
0,8253094003,0,1,AimBig Employment INGLEBURN,0212902B,
0,741954409,0,1,AimBig Employment FRANKSTON,0212818F,
0,2919573609,0,1,AimBig Employment FRANKSTON,0212818F,
0,6174075809,0,1,AimBig Employment GOSFORD,0212881B,AALL
0,3137600,0,0,AimBig Employment BAULKHAM HILLS,0212898K,
0,4357104109,0,1,AimBig Employment CHERMSIDE,0212879H,AALL
0,9848289709,1,1,AimBig Employment FRANKSTON,0212818F,
0,2238901019,0,1,AimBig Employment FAIRFIELD,0212844H,
0,5425039609,0,1,AimBig Employment EPPING,0212821A,
0,1866105003,0,0,AimBig Employment EPPING,0212820K,
0,8239389409,0,1,AimBig Employment CRAIGIEBURN,0212817E,
0,4108380,0,1,AimBig Employment GOSFORD,0212881B,
0,611112003,0,1,AimBig Employment HURSTVILLE,0212904D,AALL
0,720990,0,0,AimBig Employment CAMPBELLTOWN,0212849B,
0,901786509,0,1,AimBig Employment BANKSTOWN,0212840D,
0,382770,0,1,AimBig Employment CAMPSIE,0212840D,
0,8870591209,0,1,AimBig Employment SURFERS PARADISE,0212793B,MENH
0,2501102003,0,1,AimBig Employment CAMPBELLTOWN,0212902B,
0,182003119,0,1,AimBig Employment MAITLAND,0212882C,
0,7779948909,1,1,AimBig Employment GLENORCHY,0212861J,
0,8969107009,0,1,AimBig Employment MAITLAND,0212882C,AALL
0,1451406019,1,1,AimBig Employment BAULKHAM HILLS,0212898K,AALL
0,9916005019,0,1,AimBig Employment BROADMEADOWS,0212817E,
0,1725018509,0,1,AimBig Employment BROADMEADOW,0212884E,
0,9703810909,1,1,AimBig Employment EPPING,0212821A,
0,491761119,0,1,AimBig Employment BROADMEADOW,0212884E,
0,6711764119,0,1,AimBig Employment HURSTVILLE,0212904D,
0,1207286909,1,1,AimBig Employment MAITLAND,0212882C,AALL
0,1766432019,0,1,AimBig Employment WERRIBEE,0212822B,
0,7144980709,0,1,AimBig Employment FRANKSTON,0212818F,
0,988856109,0,1,AimBig Employment CHERMSIDE,0212795D,
0,8617914003,0,1,AimBig Employment BANKSTOWN,0212840D,
0,3186417909,0,1,AimBig Employment ROCKHAMPTON CITY,0212801H,
0,6911781509,0,1,AimBig Employment CAMPSIE,0212839K,
0,218487409,1,1,AimBig Employment SUNSHINE,0212823C,MUSK
0,96069709,0,1,AimBig Employment BANKSTOWN,0212839K,
0,5390583509,1,1,AimBig Employment ROCKHAMPTON CITY,0212800G,
0,3613820,1,1,AimBig Employment HURSTVILLE,0212904D,
0,2994078909,1,1,AimBig Employment HURSTVILLE,0212904D,AALL
0,5152793003,0,1,AimBig Employment ROCKHAMPTON CITY,0212801H,
0,7554839009,0,1,AimBig Employment FAIRFIELD,0212844H,
0,590632109,0,1,AimBig Employment CHINCHILLA,0212838K,
0,396018209,0,0,AimBig Employment MACKAY,0212802J,
0,3915403003,0,1,AimBig Employment BANKSTOWN,0212839K,
0,2564677109,0,0,AimBig Employment MAITLAND,0212882C,
0,870021008,0,1,AimBig Employment FRANKSTON,0212818F,
0,344028609,1,1,AimBig Employment CAMPSIE,0212839K,
0,7619946003,1,1,AimBig Employment HURSTVILLE,0212904D,AALL
0,79472509,0,1,AimBig Employment FRANKSTON,0212818F,
0,1153295007,0,0,AimBig Employment EPPING,0212820K,
0,3841020,0,1,AimBig Employment CAMPBELLTOWN,0212849B,
0,696892007,0,1,AimBig Employment SURFERS PARADISE,0212794C,
0,9925143509,0,0,AimBig Employment CHINCHILLA,0212897K,
0,7088411809,0,1,AimBig Employment BANKSTOWN,0212839K,MENH
0,965598709,1,1,AimBig Employment CAMPBELLTOWN,0212902B,
0,2758041809,0,1,AimBig Employment INGLEBURN,0212902B,
0,5373101709,0,1,AimBig Employment CORIO,0212862K,
0,3503465509,0,1,AimBig Employment DARLINGHURST,0212845J,
0,9245087209,0,1,AimBig Employment CHINCHILLA,0212897K,
0,3588772609,0,1,AimBig Employment BROADMEADOWS,0212886G,AALL
0,4112330,0,1,AimBig Employment FRANKSTON,0212818F,
0,2161626007,0,1,AimBig Employment SUNSHINE WEST,0212823C,
0,864624409,0,1,AimBig Employment BANKSTOWN,0212839K,
0,1309241609,0,1,AimBig Employment BANKSTOWN,0212840D,
0,4516580,0,1,AimBig Employment GOSFORD,0212881B,
0,539650809,0,1,AimBig Employment SURFERS PARADISE,0212794C,
0,7156147509,0,1,AimBig Employment BANKSTOWN,0212840D,
0,7868729409,0,1,AimBig Employment FRANKSTON,0212818F,
0,8918718809,0,1,AimBig Employment WERRIBEE,0212822B,MENH
0,9021244709,0,0,AimBig Employment CRAIGIEBURN,0212817E,
0,515141809,0,1,AimBig Employment FRANKSTON,0212818F,MENH
0,9385715709,1,1,AimBig Employment CAMPSIE,0212840D,
0,5929792809,0,1,AimBig Employment WERRIBEE,0212822B,
0,1016736909,0,1,AimBig Employment BROADMEADOWS,0212886G,
0,2211241109,0,0,AimBig Employment GOSFORD,0212812K,
0,8218591003,0,1,AimBig Employment FAIRFIELD,0212899A,AALL
0,978281809,0,1,AimBig Employment CAMPBELLTOWN,0212902B,
0,2579976809,0,1,AimBig Employment BROADMEADOW,0212884E,
0,1496550,0,1,AimBig Employment ROCKHAMPTON CITY,0212800G,
0,2160608609,0,1,AimBig Employment FAIRFIELD,0212899A,
0,700220,1,1,AimBig Employment SINGLETON,0212816D,
0,5520902109,0,1,AimBig Employment BROADMEADOW,0212884E,
0,725150,0,1,AimBig Employment CAMPBELLTOWN,0212849B,
0,7095938809,0,0,Aimbig Employment LAUNCESTON,0212865B,
0,2356846409,0,1,AimBig Employment GOSFORD,0212881B,
0,1809098409,0,1,AimBig Employment FRANKSTON,0212819G,
0,5791165003,1,1,AimBig Employment BANKSTOWN,0212839K,MENH
0,5351086003,0,1,AimBig Employment HURSTVILLE,0212855K,
0,2673066019,1,1,AimBig Employment BROADMEADOWS,0212817E,
0,4115450,1,1,AimBig Employment WERRIBEE,0212823C,
0,9390682019,0,1,AimBig Employment MAITLAND,0212882C,
0,4333083019,0,1,AimBig Employment MAITLAND,0212882C,
0,3245767609,0,1,AimBig Employment GLENORCHY,0212861J,
0,4862873019,0,1,AimBig Employment FAIRFIELD,0212844H,
0,4375600,0,1,AimBig Employment CORIO,0212895H,
0,3126820007,0,1,AimBig Employment CAMPSIE,0212839K,
0,426909609,0,1,AimBig Employment SURFERS PARADISE,0212793B,
0,2141373119,0,1,AimBig Employment FRANKSTON,0212818F,
0,831936309,0,0,AimBig Employment EPPING,0212821A,
0,645210007,0,1,AimBig Employment BROADMEADOWS,0212817E,
0,621778709,1,1,AimBig Employment SURFERS PARADISE,0212793B,
0,2033659409,0,1,AimBig Employment BROADMEADOW,0212815C,
0,3956771709,0,1,AimBig Employment MAITLAND,0212882C,
0,6027122008,0,1,AimBig Employment CAMPBELLTOWN,0212902B,
0,4642693709,0,1,AimBig Employment GLENORCHY,0212861J,
0,1629984004,0,1,AimBig Employment FRANKSTON,0212818F,
0,4988111209,0,1,AimBig Employment CHINCHILLA,0212897K,
0,1019420,0,1,AimBig Employment WERRIBEE,0212822B,
0,433401709,0,0,AimBig Employment CAMPSIE,0212840D,MUSK
0,8300953007,0,1,AimBig Employment FRANKSTON,0212818F,MENH
0,1371257019,0,0,AimBig Employment CHERMSIDE,0212879H,
0,6997961609,0,1,AimBig Employment GOSFORD,0212881B,
0,9499328709,0,1,AimBig Employment CAMPBELLTOWN,0212902B,
0,6010314209,0,0,AimBig Employment ROCKHAMPTON CITY,0212800G,
0,7009031019,0,1,AimBig Employment CAMPBELLTOWN,0212902B,
0,758735009,0,1,AimBig Employment FRANKSTON,0212818F,
0,8195891005,0,1,AimBig Employment FRANKSTON,0212818F,
0,7935743003,0,1,AimBig Employment BROADMEADOW,0212815C,
0,7614251909,0,1,AimBig Employment CAMPSIE,0212839K,
0,9278535007,0,1,AimBig Employment FRANKSTON,0212818F,
0,579790003,0,1,AimBig Employment CAMPSIE,0212840D,
0,8782238003,0,1,AimBig Employment FAIRFIELD,0212844H,
0,377456709,0,1,AimBig Employment CORIO,0212895H,
0,6094030209,0,1,AimBig Employment CAMPBELLTOWN,0212902B,
0,7943844409,0,1,AimBig Employment SURFERS PARADISE,0212794C,
0,26881809,0,1,AimBig Employment MAITLAND,0212882C,
0,121621119,0,1,AimBig Employment FAIRFIELD,0212844H,
0,672520007,0,1,AimBig Employment FRANKSTON,0212818F,
0,4401190003,0,1,AimBig Employment BAULKHAM HILLS,0212841E,
0,3679937309,0,1,AimBig Employment SURFERS PARADISE,0212793B,
0,5668805509,0,1,AimBig Employment FRANKSTON,0212818F,
0,298838909,0,0,AimBig Employment BROADMEADOW,0212815C,
0,950144019,0,0,AimBig Employment CAMPBELLTOWN,0212902B,
0,973558509,0,1,AimBig Employment WERRIBEE,0212822B,
0,1162391809,0,1,AimBig Employment FAIRFIELD,0212844H,
0,8757872003,0,1,AimBig Employment SURFERS PARADISE,0212793B,
0,542756109,0,1,AimBig Employment FAIRFIELD,0212899A,
0,1312469209,0,1,AimBig Employment FRANKSTON,0212818F,
0,5397294909,0,1,AimBig Employment CHINCHILLA,0212838K,
0,8495179909,0,1,AimBig Employment CRAIGIEBURN,0212817E,
0,1385633019,0,0,AimBig Employment CRAIGIEBURN,0212886G,AALL
0,7421895209,0,1,AimBig Employment GOSFORD,0212812K,
0,2903020,0,1,AimBig Employment MAITLAND,0212882C,
0,1592881119,0,1,AimBig Employment FAIRFIELD,0212844H,
0,758421409,0,0,AimBig Employment FAIRFIELD,0212844H,
0,6352951119,0,1,AimBig Employment BROADMEADOWS,0212817E,
0,207974909,0,1,AimBig Employment CAMPSIE,0212840D,
0,972770007,0,1,AimBig Employment CORIO,0212862K,
0,3428242509,1,1,AimBig Employment FRANKSTON,0212819G,
0,4049970,0,1,AimBig Employment CHINCHILLA,0212897K,
0,786993609,1,1,AimBig Employment SURFERS PARADISE,0212794C,
0,8643181019,0,1,AimBig Employment SURFERS PARADISE,0212793B,
0,3694620,0,1,AimBig Employment FRANKSTON,0212818F,
0,4132690,0,0,AimBig Employment SURFERS PARADISE,0212793B,
0,145458909,0,1,AimBig Employment CORIO,0212862K,
0,7641451309,0,0,AimBig Employment CHINCHILLA,0212897K,
0,8308143109,0,1,AimBig Employment BROADMEADOW,0212815C,
0,9885151309,0,0,AimBig Employment MACKAY,0212802J,
0,2125224007,0,1,AimBig Employment WERRIBEE,0212823C,MUSK
0,3825946509,0,1,AimBig Employment CAMPBELLTOWN,0212902B,
0,8487438909,0,1,AimBig Employment GOSFORD,0212881B,
0,231867309,0,1,AimBig Employment CORIO,0212862K,AALL
0,2978296709,0,1,AimBig Employment NEWPORT,0212822B,
0,3485940,0,1,AimBig Employment BANKSTOWN,0212839K,
0,2340257019,0,1,AimBig Employment HURSTVILLE,0212855K,
0,930250909,0,1,AimBig Employment CAMPBELLTOWN,0212902B,
0,8223484007,0,1,AimBig Employment WERRIBEE,0212823C,
0,8211110003,0,1,AimBig Employment BROADMEADOW,0212815C,
0,1593231709,0,1,AimBig Employment BROADMEADOW,0212815C,
0,468935019,0,1,AimBig Employment CRAIGIEBURN,0212886G,AALL
0,3995750006,0,1,AimBig Employment GLENORCHY,0212892E,
0,39164019,0,1,AimBig Employment BROADMEADOW,0212815C,
0,2490946609,0,1,AimBig Employment FRANKSTON,0212819G,
0,1515400,0,1,AimBig Employment BANKSTOWN,0212839K,
0,3779410,0,1,AimBig Employment HURSTVILLE,0212855K,
0,1874514007,0,1,AimBig Employment CAMPBELLTOWN,0212849B,
0,8901781119,0,1,AimBig Employment CAMPSIE,0212839K,
0,6693275019,0,1,AimBig Employment CAMPSIE,0212839K,
0,7475876409,0,1,AimBig Employment INGLEBURN,0212849B,
0,9163612007,1,1,AimBig Employment FRANKSTON,0212818F,
0,7619040909,1,1,AimBig Employment BROADMEADOW,0212884E,
0,4954710,0,1,AimBig Employment CAMPBELLTOWN,0212902B,
0,444670003,0,0,AimBig Employment FAIRFIELD,0212899A,
0,1440334909,0,1,AimBig Employment MAITLAND,0212882C,AALL
0,4857477409,0,1,AimBig Employment CHINCHILLA,0212897K,AALL
0,5870175809,0,1,AimBig Employment SUNSHINE,0212822B,
0,800465019,1,1,AimBig Employment BROADMEADOWS,0212817E,AALL
0,5394029809,0,1,AimBig Employment CAMPBELLTOWN,0212849B,
0,9896692809,0,1,AimBig Employment CORIO,0212895H,AALL
0,9388288909,0,1,AimBig Employment GOSFORD,0212881B,
0,4154781109,0,1,AimBig Employment GLENORCHY,0212892E,
0,737386809,0,0,AimBig Employment EPPING,0212820K,
0,2365305109,1,1,AimBig Employment FAIRFIELD,0212844H,
0,269270003,1,1,AimBig Employment INGLEBURN,0212902B,
0,1702531003,1,1,AimBig Employment HURSTVILLE,0212904D,
0,69745209,0,1,AimBig Employment CHERMSIDE,0212795D,
0,5557003,1,1,AimBig Employment MAITLAND,0212882C,
0,1898825509,1,1,AimBig Employment WERRIBEE,0212823C,
0,198222709,0,0,AimBig Employment ROCKHAMPTON CITY,0212800G,
0,1112547109,0,0,AimBig Employment SINGLETON,0212816D,
0,928547209,0,1,Aimbig Employment LAUNCESTON,0212893F,
0,7635646209,0,1,AimBig Employment MOUNT DRUITT,0212853J,
0,2559861019,0,1,AimBig Employment CAMPBELLTOWN,0212849B,
0,316660109,0,1,AimBig Employment INGLEBURN,0212849B,AALL
0,7328981809,0,1,AimBig Employment CAMPSIE,0212840D,
0,1088913809,0,1,AimBig Employment CAMPSIE,0212840D,
0,2477460,0,1,AimBig Employment CAMPSIE,0212840D,
0,8948854509,0,1,AimBig Employment CAMPSIE,0212840D,
0,898830009,0,1,AimBig Employment NEWPORT,0212822B,
0,3486918809,0,1,AimBig Employment WERRIBEE,0212823C,
0,2297916609,0,1,AimBig Employment GOSFORD,0212881B,
0,6507298409,0,1,AimBig Employment CAMPBELLTOWN,0212849B,
0,272650019,0,1,AimBig Employment BROADMEADOW,0212884E,
0,5050631007,0,1,AimBig Employment SURFERS PARADISE,0212794C,
0,9866514019,0,1,AimBig Employment GOSFORD,0212881B,
0,2341023709,0,0,AimBig Employment CAMPBELLTOWN,0212902B,
0,3664263109,0,1,AimBig Employment CRAIGIEBURN,0212886G,
0,948626409,1,1,AimBig Employment CAMPBELLTOWN,0212902B,AALL
0,1556319409,0,0,AimBig Employment BROADMEADOW,0212884E,
0,6674010003,1,1,AimBig Employment MAITLAND,0212813A,
0,7178635019,0,1,AimBig Employment MAITLAND,0212813A,
0,9087072909,1,1,AimBig Employment BROADMEADOW,0212815C,
0,328848509,0,1,AimBig Employment MOUNT DRUITT,0212853J,
0,3403375309,0,1,AimBig Employment FRANKSTON,0212818F,
0,1695766909,0,1,AimBig Employment CAMPSIE,0212839K,
0,932000003,0,1,AimBig Employment BROADMEADOW,0212884E,
0,2569495909,0,1,AimBig Employment CAMPBELLTOWN,0212902B,
0,6119106909,0,1,AimBig Employment BROADMEADOW,0212815C,
0,3308336019,0,1,AimBig Employment DARLINGHURST,0212900K,
0,664160,0,0,AimBig Employment CAMPBELLTOWN,0212849B,
0,2592900,0,0,AimBig Employment BANKSTOWN,0212839K,MENH
0,318632019,0,0,AimBig Employment FAIRFIELD,0212844H,
0,5247673409,1,1,AimBig Employment BANKSTOWN,0212839K,
0,4404591007,0,1,AimBig Employment MACKAY,0212802J,
0,6976134509,1,1,AimBig Employment CHINCHILLA,0212838K,
0,7414359809,0,1,AimBig Employment CAMPBELLTOWN,0212902B,
0,2369820003,0,1,AimBig Employment CAMPBELLTOWN,0212849B,
0,353631004,0,0,AimBig Employment SURFERS PARADISE,0212794C,
0,6324746019,0,1,AimBig Employment BROADMEADOW,0212884E,
0,4005756409,0,1,AimBig Employment BANKSTOWN,0212840D,MUSK
0,6876311003,0,0,AimBig Employment BANKSTOWN,0212839K,
0,2704918003,0,1,AimBig Employment CAMPBELLTOWN,0212849B,
0,315222009,1,1,AimBig Employment BANKSTOWN,0212839K,MENH
0,2281622004,0,1,AimBig Employment MILES,0212897K,
0,8222020,0,1,AimBig Employment CAMPBELLTOWN,0212902B,
0,5919950,0,1,AimBig Employment INGLEBURN,0212849B,
0,5243057909,0,1,AimBig Employment CAMPBELLTOWN,0212849B,AALL
0,911493909,0,1,AimBig Employment BAULKHAM HILLS,0212841E,
0,629982409,1,1,AimBig Employment FAIRFIELD,0212844H,
0,2361201004,0,1,AimBig Employment BAULKHAM HILLS,0212898K,
0,5260525019,0,0,AimBig Employment BROADMEADOW,0212815C,
0,6514369609,1,1,AimBig Employment HURSTVILLE,0212855K,AALL
0,1303206003,0,1,AimBig Employment SURFERS PARADISE,0212794C,
0,2549872309,0,0,AimBig Employment HURSTVILLE,0212855K,
0,6815861609,0,1,AimBig Employment GOSFORD,0212812K,
0,9158232109,0,1,AimBig Employment GOSFORD,0212881B,
0,8267551019,1,1,AimBig Employment CAMPBELLTOWN,0212902B,AALL
0,3284971509,0,1,AimBig Employment MOUNT DRUITT,0212853J,
0,754763609,0,1,AimBig Employment CAMPBELLTOWN,0212849B,
0,8710664709,0,1,AimBig Employment MAITLAND,0212882C,
0,1130094409,0,1,AimBig Employment CAMPBELLTOWN,0212902B,
0,114313003,0,0,AimBig Employment MOUNT DRUITT,0212853J,
0,7761148409,0,1,AimBig Employment FAIRFIELD,0212899A,AALL
0,3022615003,0,1,AimBig Employment FAIRFIELD,0212844H,
0,773700909,0,1,AimBig Employment FAIRFIELD,0212844H,
0,2479607509,0,1,AimBig Employment CORIO,0212862K,
0,6362104019,0,1,AimBig Employment FAIRFIELD,0212844H,
0,4486311003,0,1,AimBig Employment FAIRFIELD,0212844H,
0,8777582709,0,0,AimBig Employment FAIRFIELD,0212844H,
0,6031192809,0,1,AimBig Employment ROCKHAMPTON CITY,0212800G,
0,4867610709,0,1,AimBig Employment HURSTVILLE,0212904D,AALL
0,1129460,0,1,AimBig Employment BAULKHAM HILLS,0212841E,
0,4645250509,0,0,AimBig Employment BANKSTOWN,0212839K,MENH
0,3970086209,0,1,AimBig Employment CAMPBELLTOWN,0212849B,
0,9897819009,0,0,AimBig Employment CAMPBELLTOWN,0212849B,
0,1896590003,0,1,AimBig Employment CAMPBELLTOWN,0212849B,
0,3433365003,0,1,AimBig Employment CAMPBELLTOWN,0212849B,AALL
0,967582009,0,1,AimBig Employment CAMPBELLTOWN,0212902B,
0,1779582909,0,1,AimBig Employment SURFERS PARADISE,0212793B,
0,1707313509,0,1,AimBig Employment CAMPBELLTOWN,0212849B,
0,5179975509,0,1,AimBig Employment FAIRFIELD,0212899A,
0,4711135509,0,1,AimBig Employment CAMPSIE,0212839K,
0,4111178509,0,1,AimBig Employment CAMPBELLTOWN,0212849B,
0,4091940,0,1,AimBig Employment BROADMEADOW,0212884E,
0,6019716019,0,1,AimBig Employment BROADMEADOW,0212884E,
0,4152024019,0,1,AimBig Employment FRANKSTON,0212818F,
0,2605240,0,1,Aimbig Employment LAUNCESTON,0212865B,
0,3611762509,1,1,AimBig Employment BAULKHAM HILLS,0212898K,AALL
0,9920000006,1,1,Aimbig Employment LAUNCESTON,0212865B,
0,884483004,1,1,AimBig Employment CHERMSIDE,0212795D,
0,3003575909,0,1,AimBig Employment INGLEBURN,0212849B,
0,1569022509,0,1,AimBig Employment BROADMEADOW,0212884E,
0,136713909,0,1,AimBig Employment BROADMEADOW,0212815C,
0,661171209,0,1,AimBig Employment BAULKHAM HILLS,0212841E,
0,1237593609,1,1,AimBig Employment SINGLETON,0212885F,
0,5463920,0,1,AimBig Employment FAIRFIELD,0212844H,
0,2902449409,0,1,AimBig Employment CAMPBELLTOWN,0212902B,
0,2180551909,0,1,AimBig Employment CAMPSIE,0212840D,
0,4737970007,0,1,AimBig Employment CRAIGIEBURN,0212886G,AALL
0,7704237609,0,0,AimBig Employment BROADMEADOWS,0212886G,
0,2378336409,0,1,AimBig Employment ROCKHAMPTON CITY,0212800G,
0,3639470,0,1,AimBig Employment FAIRFIELD,0212844H,
0,2157890,0,1,AimBig Employment FAIRFIELD,0212899A,AALL
0,6046005019,0,1,AimBig Employment GOSFORD,0212881B,
0,5145930007,0,1,AimBig Employment CORIO,0212895H,
0,983074003,0,1,AimBig Employment BROADMEADOW,0212815C,
0,3627169709,0,1,AimBig Employment CRAIGIEBURN,0212886G,AALL
0,3113876009,0,1,AimBig Employment BROADMEADOWS,0212886G,
0,4088820109,0,0,AimBig Employment CRAIGIEBURN,0212817E,
0,7852110,0,1,AimBig Employment HURSTVILLE,0212904D,
0,1076055003,0,1,AimBig Employment BAULKHAM HILLS,0212898K,
0,1692112709,0,1,AimBig Employment CORIO,0212862K,AALL
0,8216422509,0,1,AimBig Employment HURSTVILLE,0212904D,
0,14260530,0,1,AimBig Employment CAMPBELLTOWN,0212849B,
0,3127522309,1,1,AimBig Employment CAMPBELLTOWN,0212849B,
0,6477629309,0,1,AimBig Employment DARLINGHURST,0212900K,
0,4381845019,0,1,AimBig Employment HURSTVILLE,0212904D,
0,1486982019,1,1,AimBig Employment CAMPSIE,0212839K,
0,7869820003,0,1,AimBig Employment BANKSTOWN,0212840D,
0,468625409,1,1,AimBig Employment MAITLAND,0212882C,
0,913740119,0,0,AimBig Employment CAMPBELLTOWN,0212902B,
0,2672270,0,1,AimBig Employment FAIRFIELD,0212899A,
0,1390858909,0,1,AimBig Employment CAMPBELLTOWN,0212849B,
0,1334882509,0,1,AimBig Employment FAIRFIELD,0212899A,
0,1609920003,1,1,AimBig Employment CAMPBELLTOWN,0212902B,AALL
0,3369610003,0,1,AimBig Employment CAMPBELLTOWN,0212902B,
0,1891519019,0,1,AimBig Employment GOSFORD,0212812K,
0,1677180,0,1,AimBig Employment CAMPBELLTOWN,0212902B,
0,10128270,1,1,AimBig Employment GOSFORD,0212812K,
0,63542009,0,1,AimBig Employment CHERMSIDE,0212795D,
0,9009695509,0,1,AimBig Employment MAITLAND,0212882C,
0,708369109,0,1,AimBig Employment EPPING,0212820K,
0,8361049809,0,1,AimBig Employment HURSTVILLE,0212904D,
0,1169030,1,1,AimBig Employment CHERMSIDE,0212879H,
0,1441270,0,1,AimBig Employment MAITLAND,0212813A,
0,4394800,0,1,AimBig Employment BANKSTOWN,0212840D,
0,4305122909,0,1,AimBig Employment CAMPSIE,0212839K,
0,381344709,0,1,AimBig Employment CHERMSIDE,0212879H,
0,9714650007,0,1,AimBig Employment BANKSTOWN,0212839K,MENH
0,5252790,0,1,AimBig Employment FAIRFIELD,0212844H,
0,398681109,0,1,AimBig Employment FAIRFIELD,0212844H,
0,8149399709,0,1,AimBig Employment EPPING,0212820K,
0,805368709,0,1,AimBig Employment MOUNT DRUITT,0212853J,
0,12104950,0,1,AimBig Employment MOUNT DRUITT,0212853J,
0,1143596809,0,1,AimBig Employment HURSTVILLE,0212904D,
0,1795472019,1,1,AimBig Employment CAMPBELLTOWN,0212849B,
0,5848470,0,1,AimBig Employment MAITLAND,0212882C,
0,8891242119,0,1,AimBig Employment CHERMSIDE,0212795D,
0,7627786809,1,1,AimBig Employment MAITLAND,0212813A,
0,360818809,0,1,AimBig Employment MAITLAND,0212882C,
0,8749333003,0,1,AimBig Employment FAIRFIELD,0212899A,
0,5509973109,0,1,AimBig Employment FAIRFIELD,0212844H,
0,637920003,0,1,AimBig Employment CAMPBELLTOWN,0212849B,
0,378103209,0,1,AimBig Employment CAMPBELLTOWN,0212849B,
0,3802468309,1,1,AimBig Employment CHINCHILLA,0212838K,AALL
0,7070896809,1,1,AimBig Employment CAMPBELLTOWN,0212902B,
0,9893412709,1,1,AimBig Employment MOUNT DRUITT,0212854K,
0,9448925003,0,1,AimBig Employment MOUNT DRUITT,0212854K,
0,5634413003,1,1,AimBig Employment CAMPSIE,0212840D,
0,2565768409,1,1,AimBig Employment MOUNT DRUITT,0212853J,
0,8446236709,0,1,AimBig Employment CHERMSIDE,0212879H,
0,66108409,1,1,AimBig Employment CHERMSIDE,0212795D,
0,6729734709,1,1,AimBig Employment BROADMEADOWS,0212817E,
0,921139209,0,1,AimBig Employment INGLEBURN,0212902B,
0,3873551609,0,1,AimBig Employment CAMPBELLTOWN,0212849B,
0,609202309,1,1,AimBig Employment BROADMEADOW,0212815C,
0,953072019,1,1,AimBig Employment BROADMEADOW,0212884E,
0,2737232003,0,1,AimBig Employment MOUNT DRUITT,0212853J,
0,4125376109,1,1,AimBig Employment BROADMEADOW,0212815C,
0,3667026409,0,1,AimBig Employment BANKSTOWN,0212839K,
0,4350701709,0,1,AimBig Employment BROADMEADOW,0212815C,
0,5948811909,0,1,AimBig Employment BANKSTOWN,0212839K,
0,473095509,1,1,AimBig Employment BANKSTOWN,0212839K,MENH
0,7416003709,0,1,AimBig Employment CAMPBELLTOWN,0212849B,
0,6843981119,1,1,AimBig Employment MAITLAND,0212882C,
0,5656768409,0,1,AimBig Employment FAIRFIELD,0212844H,
0,3717567709,0,1,AimBig Employment FAIRFIELD,0212899A,
0,14544000,0,1,AimBig Employment FAIRFIELD,0212844H,
0,2106499409,0,1,AimBig Employment FAIRFIELD,0212844H,
0,997323004,0,1,AimBig Employment MOUNT DRUITT,0212854K,
0,854054809,1,1,AimBig Employment SURFERS PARADISE,0212794C,
0,6985635709,1,1,AimBig Employment CAMPSIE,0212839K,
0,9371715003,1,1,AimBig Employment MAITLAND,0212813A,
0,3138168809,0,1,AimBig Employment FAIRFIELD,0212844H,
0,2600920709,1,1,AimBig Employment CRAIGIEBURN,0212817E,
0,2430400609,0,1,AimBig Employment GOSFORD,0212812K,
0,8967424003,0,1,AimBig Employment FAIRFIELD,0212844H,
0,844258809,1,1,Aimbig Employment LAUNCESTON,0212865B,
0,8900551019,1,1,AimBig Employment CAMPBELLTOWN,0212849B,
0,2423425809,0,1,AimBig Employment BROADMEADOW,0212884E,
0,6270806909,1,1,AimBig Employment CAMPSIE,0212839K,
0,8870331109,1,1,AimBig Employment ROCKHAMPTON CITY,0212800G,
0,4100253909,1,1,AimBig Employment EPPING,0212820K,
0,8715740008,1,1,AimBig Employment BROADMEADOW,0212815C,
0,2129292019,0,1,AimBig Employment FAIRFIELD,0212844H,
0,9670210209,0,1,AimBig Employment BAULKHAM HILLS,0212841E,
0,2830000119,0,1,AimBig Employment FAIRFIELD,0212899A,
0,5843305709,0,1,AimBig Employment BANKSTOWN,0212840D,
0,2145621609,1,1,AimBig Employment CAMPBELLTOWN,0212849B,
0,1788778509,1,1,AimBig Employment MAITLAND,0212813A,AALL
0,9561416209,0,1,AimBig Employment FAIRFIELD,0212899A,
0,6116820,0,1,AimBig Employment INGLEBURN,0212902B,AALL
0,3593417609,1,1,AimBig Employment HURSTVILLE,0212904D,
0,716506909,1,1,AimBig Employment BANKSTOWN,0212839K,MENH
0,4864181909,1,1,AimBig Employment HURSTVILLE,0212904D,AALL
0,8231491409,1,1,AimBig Employment MILES,0212838K,
0,8309997709,0,1,AimBig Employment FRANKSTON,0212819G,
0,1879784009,1,1,AimBig Employment MACKAY,0212802J,
0,8646439909,1,1,AimBig Employment MAITLAND,0212882C,
0,1855492003,0,1,AimBig Employment FAIRFIELD,0212844H,
0,897704609,0,1,AimBig Employment SURFERS PARADISE,0212794C,
0,7280242119,1,1,AimBig Employment MAITLAND,0212882C,
0,909345609,1,1,AimBig Employment EPPING,0212821A,
0,1574661007,0,1,AimBig Employment FRANKSTON,0212818F,
0,4433333019,1,1,AimBig Employment BROADMEADOW,0212815C,
0,8685261003,1,1,AimBig Employment MOUNT DRUITT,0212854K,
0,2463227309,1,1,AimBig Employment FAIRFIELD,0212899A,
0,9419200002,0,1,AimBig Employment CRAIGIEBURN,0212886G,
0,6062802019,0,1,AimBig Employment CAMPBELLTOWN,0212849B,
0,8188471109,0,1,AimBig Employment SUNSHINE,0212823C,MUSK
0,3063049209,0,1,AimBig Employment WERRIBEE,0212822B,MENH
0,34622007,0,1,AimBig Employment WERRIBEE,0212823C,MUSK
0,2804014309,1,1,AimBig Employment WERRIBEE,0212822B,
0,5567050,0,1,AimBig Employment FAIRFIELD,0212899A,AALL
0,4912775003,1,1,AimBig Employment CAMPBELLTOWN,0212849B,
0,6871386309,1,1,AimBig Employment BAULKHAM HILLS,0212841E,
0,5458824309,1,1,AimBig Employment BROADMEADOW,0212884E,
0,626763109,1,1,AimBig Employment BAULKHAM HILLS,0212841E,
0,4232761709,1,1,AimBig Employment CRAIGIEBURN,0212886G,
0,9786011709,1,1,AimBig Employment CORIO,0212895H,
0,6646923007,0,1,AimBig Employment CRAIGIEBURN,0212886G,
0,583620006,1,1,AimBig Employment GLENORCHY,0212861J,
0,9013172909,1,1,AimBig Employment MACKAY,0212803K,
0,3544114003,1,1,AimBig Employment SURFERS PARADISE,0212794C,
0,3496720,0,1,AimBig Employment MAITLAND,0212882C,
0,9594721005,1,1,AimBig Employment EPPING,0212821A,MUSK
0,4391972509,1,1,AimBig Employment WERRIBEE,0212822B,
0,1986860004,1,1,AimBig Employment ROCKHAMPTON CITY,0212800G,
0,891700,0,1,AimBig Employment BROADMEADOW,0212884E,
0,8844680003,0,1,AimBig Employment SURFERS PARADISE,0212793B,
0,4785933003,0,1,AimBig Employment SURFERS PARADISE,0212794C,
0,3952526003,1,1,AimBig Employment BROADMEADOW,0212884E,
0,2416123019,1,1,AimBig Employment BROADMEADOW,0212815C,
0,5629064007,1,1,AimBig Employment SURFERS PARADISE,0212793B,MENH
0,5906032109,1,1,AimBig Employment FAIRFIELD,0212844H,
0,489997003,0,1,AimBig Employment MOUNT DRUITT,0212853J,
0,9347410007,1,1,AimBig Employment EPPING,0212821A,
0,5822711709,1,1,AimBig Employment BROADMEADOWS,0212817E,
0,5724440,1,1,AimBig Employment FRANKSTON,0212818F,
0,53717809,1,1,AimBig Employment NEWPORT,0212822B,
0,7722870119,1,1,AimBig Employment CORIO,0212862K,
0,7436362003,0,1,AimBig Employment FAIRFIELD,0212844H,
0,505710008,0,1,AimBig Employment CRAIGIEBURN,0212817E,
0,7057458409,1,1,AimBig Employment FAIRFIELD,0212844H,AALL
0,9220445809,1,1,Aimbig Employment LAUNCESTON,0212865B,
0,8755221004,1,1,AimBig Employment MAITLAND,0212882C,
0,3090607309,0,1,AimBig Employment MILES,0212838K,AALL
0,440570809,0,1,AimBig Employment SINGLETON,0212885F,
0,2525061007,1,1,AimBig Employment NEWPORT,0212822B,
0,13802530,1,1,AimBig Employment DARLINGHURST,0212900K,
0,5516591809,0,1,AimBig Employment CRAIGIEBURN,0212817E,
0,2424000,1,1,AimBig Employment MOUNT DRUITT,0212853J,
0,996520909,1,1,AimBig Employment FAIRFIELD,0212899A,
0,2719928609,1,1,AimBig Employment CRAIGIEBURN,0212886G,
0,1152991909,1,1,AimBig Employment BROADMEADOW,0212884E,
0,6311446509,1,1,AimBig Employment WERRIBEE,0212823C,
0,6357875109,0,1,AimBig Employment DARLINGHURST,0212900K,
0,2893358809,1,1,AimBig Employment CAMPBELLTOWN,0212849B,
0,5725990,0,1,AimBig Employment CORIO,0212895H,
0,8932100007,0,1,AimBig Employment BANKSTOWN,0212839K,
0,9008767409,0,1,AimBig Employment CORIO,0212895H,
0,5706887909,0,1,AimBig Employment CORIO,0212862K,
0,3909870709,0,1,AimBig Employment CORIO,0212862K,
0,7217342007,0,1,AimBig Employment CORIO,0212862K,
0,4000370,1,1,AimBig Employment CORIO,0212862K,
0,9873448409,1,1,AimBig Employment CORIO,0212862K,
0,916668009,1,1,AimBig Employment BANKSTOWN,0212839K,MENH
0,7384107609,1,1,AimBig Employment BROADMEADOWS,0212817E,
0,4117730,0,1,AimBig Employment GOSFORD,0212881B,
0,2439584019,1,1,AimBig Employment BROADMEADOWS,0212817E,
0,1649315609,1,1,AimBig Employment MOUNT DRUITT,0212853J,
0,795086909,1,1,AimBig Employment BROADMEADOW,0212884E,
0,5866970,1,1,AimBig Employment BAULKHAM HILLS,0212898K,
0,4998391003,1,1,AimBig Employment FAIRFIELD,0212844H,
0,2975979609,0,1,AimBig Employment MACKAY,0212802J,
0,1454507609,0,1,AimBig Employment CAMPBELLTOWN,0212902B,
0,2122822009,1,1,AimBig Employment SURFERS PARADISE,0212793B,
0,4541243909,1,1,AimBig Employment WERRIBEE,0212823C,
0,11482280,0,1,AimBig Employment WERRIBEE,0212823C,
0,4262570,1,1,AimBig Employment FAIRFIELD,0212899A,
0,4553830,0,1,AimBig Employment FAIRFIELD,0212844H,
0,15041020,0,1,AimBig Employment MOUNT DRUITT,0212853J,
0,3468048003,1,1,AimBig Employment MOUNT DRUITT,0212853J,
0,7566946209,0,1,AimBig Employment FAIRFIELD,0212899A,
0,4537887809,0,0,Aimbig Employment LAUNCESTON,0212893F,
0,6422471019,0,1,AimBig Employment MACKAY,0212802J,
0,5952031409,1,1,AimBig Employment MILES,0212838K,
0,5057450909,1,1,AimBig Employment NEWPORT,0212823C,
0,4963935007,1,1,AimBig Employment EPPING,0212820K,
0,4268130004,1,1,AimBig Employment MACKAY,0212803K,
0,4103314309,1,1,AimBig Employment SURFERS PARADISE,0212794C,
0,2822633119,1,1,AimBig Employment FAIRFIELD,0212844H,AALL
0,6333833409,1,1,AimBig Employment CAMPBELLTOWN,0212902B,
0,4394110,0,1,AimBig Employment BANKSTOWN,0212840D,
0,4726406003,1,1,AimBig Employment MOUNT DRUITT,0212853J,MENH
0,7817905019,1,1,AimBig Employment FAIRFIELD,0212844H,
0,1936149909,1,1,AimBig Employment SUNSHINE,0212822B,
0,8991264004,1,1,AimBig Employment MILES,0212838K,AALL
0,253318003,0,1,AimBig Employment CAMPBELLTOWN,0212849B,
0,9815128709,0,1,AimBig Employment BANKSTOWN,0212839K,
0,4312320004,1,1,AimBig Employment SURFERS PARADISE,0212793B,MENH
0,3821607019,0,1,AimBig Employment BAULKHAM HILLS,0212898K,
0,4172894409,0,1,AimBig Employment GOSFORD,0212881B,
0,4289680,0,1,AimBig Employment CAMPBELLTOWN,0212849B,
0,9311013003,1,1,AimBig Employment DARLINGHURST,0212845J,AALL
0,8738984003,1,1,AimBig Employment MAITLAND,0212813A,
0,646593019,1,1,AimBig Employment BROADMEADOWS,0212817E,
0,1942361809,1,1,AimBig Employment HURSTVILLE,0212855K,
0,1906198809,1,1,AimBig Employment BAULKHAM HILLS,0212841E,
0,4920760,1,1,AimBig Employment SINGLETON,0212816D,
0,5012823019,1,1,AimBig Employment CAMPSIE,0212839K,
0,490564119,1,1,AimBig Employment SURFERS PARADISE,0212793B,
0,7128720,0,1,AimBig Employment BANKSTOWN,0212839K,
0,901856709,1,1,AimBig Employment FRANKSTON,0212818F,
0,8237750019,0,1,AimBig Employment DARLINGHURST,0212900K,
0,16092730,1,1,AimBig Employment GLENORCHY,0212861J,
0,9835270004,0,1,AimBig Employment SUNSHINE WEST,0212823C,
0,782962809,0,1,AimBig Employment CRAIGIEBURN,0212886G,
0,7167020809,1,1,AimBig Employment CRAIGIEBURN,0212817E,
0,1366823019,1,1,AimBig Employment BROADMEADOWS,0212886G,
0,4917090,1,1,AimBig Employment CRAIGIEBURN,0212886G,
0,5218570609,1,1,AimBig Employment BANKSTOWN,0212839K,
0,441750209,1,1,AimBig Employment NEWPORT,0212823C,
0,4080873709,1,1,AimBig Employment FAIRFIELD,0212844H,
0,8363871609,0,1,AimBig Employment CAMPBELLTOWN,0212849B,AALL
0,2997015709,0,1,AimBig Employment CHINCHILLA,0212897K,
0,1900798909,0,1,AimBig Employment INGLEBURN,0212849B,
0,621101019,0,1,AimBig Employment CORIO,0212862K,
0,4477210001,1,1,AimBig Employment ROCKHAMPTON CITY,0212801H,
0,9830810109,1,1,AimBig Employment CRAIGIEBURN,0212817E,
0,697484019,0,1,AimBig Employment EPPING,0212820K,MENH
0,6010687809,1,1,AimBig Employment CHINCHILLA,0212897K,AALL
0,5329955709,1,1,AimBig Employment SURFERS PARADISE,0212793B,
0,5416684209,1,1,AimBig Employment BAULKHAM HILLS,0212841E,
0,8952690003,1,1,AimBig Employment INGLEBURN,0212849B,
0,4460913709,0,1,AimBig Employment WERRIBEE,0212822B,
0,12519530,0,1,AimBig Employment BROADMEADOW,0212884E,
0,66738809,0,1,AimBig Employment BROADMEADOW,0212884E,
0,8528048309,0,1,AimBig Employment SURFERS PARADISE,0212793B,
0,1617027509,1,1,AimBig Employment CAMPBELLTOWN,0212902B,
0,13360830,1,1,AimBig Employment MAITLAND,0212882C,
0,5672260409,1,1,AimBig Employment BANKSTOWN,0212840D,
0,8152434019,0,1,AimBig Employment BROADMEADOW,0212815C,
0,4060918809,0,1,AimBig Employment FRANKSTON,0212819G,
0,7089674409,0,1,AimBig Employment DARLINGHURST,0212900K,
0,8696546009,1,1,AimBig Employment MOUNT DRUITT,0212853J,
0,4744835003,0,1,AimBig Employment BAULKHAM HILLS,0212898K,
0,470024909,0,1,AimBig Employment SURFERS PARADISE,0212794C,
0,3304900809,0,1,AimBig Employment FAIRFIELD,0212844H,AALL
0,15810400,0,1,AimBig Employment FAIRFIELD,0212844H,
0,799176809,1,1,AimBig Employment CAMPBELLTOWN,0212849B,AALL
0,4923810,1,1,AimBig Employment FAIRFIELD,0212844H,AALL
0,3948623909,1,1,AimBig Employment NEWPORT,0212823C,
0,2212465007,1,1,AimBig Employment SUNSHINE WEST,0212823C,
0,7684049709,0,1,AimBig Employment FAIRFIELD,0212899A,
0,7819095003,1,1,AimBig Employment FAIRFIELD,0212844H,
0,3368101609,0,1,AimBig Employment CAMPBELLTOWN,0212849B,
0,4272620,0,1,AimBig Employment BROADMEADOWS,0212817E,
0,1773225709,1,1,AimBig Employment BAULKHAM HILLS,0212898K,AALL
0,4673520,1,1,AimBig Employment SURFERS PARADISE,0212794C,
0,623772909,0,1,Aimbig Employment LAUNCESTON,0212893F,
0,3477445909,1,1,AimBig Employment BROADMEADOW,0212884E,
0,15722980,1,1,AimBig Employment SINGLETON,0212816D,
0,4247514709,0,1,AimBig Employment SURFERS PARADISE,0212793B,
0,9223511709,1,1,AimBig Employment WERRIBEE,0212822B,
0,5439846709,1,1,AimBig Employment BROADMEADOW,0212884E,
0,1090222109,0,1,AimBig Employment WERRIBEE,0212822B,MENH
0,3877023019,1,1,AimBig Employment BROADMEADOW,0212815C,
0,6949152309,1,1,AimBig Employment SINGLETON,0212816D,
0,170958509,1,1,AimBig Employment SUNSHINE,0212822B,
0,3176684004,1,1,AimBig Employment MILES,0212838K,
0,7503773004,1,1,AimBig Employment SURFERS PARADISE,0212793B,
0,3108088609,0,1,AimBig Employment FAIRFIELD,0212899A,
0,12906330,1,1,AimBig Employment MOUNT DRUITT,0212853J,
0,6454775809,1,1,AimBig Employment BAULKHAM HILLS,0212898K,
0,4954922309,1,1,AimBig Employment INGLEBURN,0212849B,
0,1624662909,1,1,AimBig Employment GOSFORD,0212881B,AALL
0,9162164909,0,1,AimBig Employment HURSTVILLE,0212855K,
0,160650,1,1,AimBig Employment BAULKHAM HILLS,0212841E,
0,8642297909,1,1,Aimbig Employment LAUNCESTON,0212893F,
0,3067516019,1,1,Aimbig Employment LAUNCESTON,0212893F,AALL
0,1584577509,0,1,AimBig Employment DARLINGHURST,0212900K,
0,586533709,1,1,AimBig Employment WERRIBEE,0212822B,
0,17694490,0,1,AimBig Employment CAMPBELLTOWN,0212903C,
0,3870700,1,1,AimBig Employment CAMPBELLTOWN,0212849B,AALL
0,15305350,0,1,AimBig Employment CAMPBELLTOWN,0212849B,AALL
0,8541029209,0,1,AimBig Employment FAIRFIELD,0212844H,AALL
0,3595903004,0,1,AimBig Employment MILES,0212838K,AALL
0,6941973709,1,1,AimBig Employment CAMPBELLTOWN,0212902B,
0,7222784809,0,1,AimBig Employment SURFERS PARADISE,0212793B,
0,1041033119,0,1,AimBig Employment NEWPORT,0212822B,
0,8527993809,0,1,Aimbig Employment LAUNCESTON,0212865B,
0,7683553007,0,1,AimBig Employment EPPING,0212821A,
0,6963346209,1,1,AimBig Employment ROCKHAMPTON CITY,0212801H,MUSK
0,7265417909,1,1,AimBig Employment SUNSHINE,0212823C,
0,156950,0,1,AimBig Employment WERRIBEE,0212822B,MENH
0,11435650,1,1,AimBig Employment FRANKSTON,0212818F,
0,5385520,1,1,AimBig Employment WERRIBEE,0212823C,
0,5684360004,0,1,AimBig Employment MACKAY,0212803K,
0,5499331409,0,1,AimBig Employment FRANKSTON,0212819G,MUSK
0,7546923019,1,1,AimBig Employment CRAIGIEBURN,0212817E,
0,223312007,0,1,AimBig Employment CRAIGIEBURN,0212886G,AALL
0,9869818709,0,1,AimBig Employment DARLINGHURST,0212900K,
0,1764250008,1,1,AimBig Employment CHINCHILLA,0212897K,
0,6899888709,1,1,AimBig Employment BROADMEADOWS,0212817E,
0,4110000004,0,1,AimBig Employment ROCKHAMPTON CITY,0212800G,
0,4033606007,1,1,AimBig Employment FRANKSTON,0212819G,
0,13912007,1,1,AimBig Employment SUNSHINE,0212823C,MUSK
0,8376405509,0,1,AimBig Employment BANKSTOWN,0212840D,
0,5775101004,1,1,AimBig Employment CAMPSIE,0212839K,
0,2965195209,0,1,AimBig Employment BANKSTOWN,0212839K,
0,4604825019,0,1,AimBig Employment DARLINGHURST,0212900K,
0,4808073003,1,1,AimBig Employment BANKSTOWN,0212839K,MENH
0,6039630,1,1,AimBig Employment CHERMSIDE,0212879H,AALL
0,12163210,0,1,AimBig Employment CHINCHILLA,0212838K,
0,6702143119,1,1,AimBig Employment CHINCHILLA,0212897K,AALL
0,1972652909,1,1,AimBig Employment CHINCHILLA,0212897K,AALL
0,277660,1,1,AimBig Employment FAIRFIELD,0212844H,AALL
0,3983763609,0,1,AimBig Employment SUNSHINE WEST,0212823C,
0,1217074609,1,1,AimBig Employment SINGLETON,0212816D,
0,847322809,0,1,AimBig Employment CAMPSIE,0212839K,MENH
0,5843570,0,0,AimBig Employment MAITLAND,0212882C,AALL
0,6467621609,1,1,AimBig Employment ROCKHAMPTON CITY,0212800G,
0,2656163609,1,1,AimBig Employment CORIO,0212895H,AALL
0,7411885409,1,1,AimBig Employment ROCKHAMPTON CITY,0212801H,
0,15385260,1,1,AimBig Employment SINGLETON,0212816D,
0,937247609,0,0,AimBig Employment CHINCHILLA,0212838K,
0,898850,1,1,AimBig Employment FRANKSTON,0212818F,
0,9014604709,1,1,AimBig Employment SINGLETON,0212816D,
0,8936850209,1,1,AimBig Employment FRANKSTON,0212818F,
0,8170483004,1,1,AimBig Employment SINGLETON,0212885F,
0,3570971119,0,1,AimBig Employment WERRIBEE,0212822B,
0,2506914007,1,1,AimBig Employment NEWPORT,0212822B,
0,630280,1,1,AimBig Employment SURFERS PARADISE,0212794C,
0,3707391007,1,1,AimBig Employment CORIO,0212895H,
0,9631045809,0,1,AimBig Employment CAMPBELLTOWN,0212849B,AALL
0,5870250,1,1,AimBig Employment CAMPBELLTOWN,0212849B,
0,7598678909,0,1,AimBig Employment BAULKHAM HILLS,0212841E,
0,7040470003,0,1,AimBig Employment CAMPBELLTOWN,0212902B,
0,1828335809,1,1,AimBig Employment CORIO,0212862K,AALL
0,9238355709,0,1,AimBig Employment CORIO,0212895H,
0,7571148409,1,1,AimBig Employment WERRIBEE,0212822B,
0,1282100,0,1,AimBig Employment GOSFORD,0212881B,
0,8971507109,1,1,AimBig Employment MOUNT DRUITT,0212854K,
0,3621505909,1,1,AimBig Employment CRAIGIEBURN,0212817E,
0,512843709,1,1,AimBig Employment CAMPBELLTOWN,0212902B,
0,800180119,0,1,AimBig Employment BANKSTOWN,0212839K,
0,275639409,0,1,AimBig Employment BAULKHAM HILLS,0212898K,
0,2495110,0,1,AimBig Employment SURFERS PARADISE,0212794C,
0,3036840,0,1,AimBig Employment CRAIGIEBURN,0212817E,AALL
0,672800,0,1,AimBig Employment FRANKSTON,0212818F,
0,1058120,1,1,AimBig Employment EPPING,0212821A,
0,5348870,0,1,AimBig Employment SINGLETON,0212816D,
0,6838668809,1,1,AimBig Employment EPPING,0212820K,
0,971541019,1,1,AimBig Employment BROADMEADOW,0212884E,
0,10170520,0,1,AimBig Employment EPPING,0212820K,MENH
0,8054308309,0,1,AimBig Employment BANKSTOWN,0212839K,
0,3179480019,0,0,AimBig Employment CRAIGIEBURN,0212817E,
0,2548065003,1,1,AimBig Employment FAIRFIELD,0212844H,
0,170875019,0,1,AimBig Employment EPPING,0212820K,
0,3152504109,1,1,AimBig Employment BROADMEADOWS,0212817E,
0,2464840,1,1,AimBig Employment WERRIBEE,0212822B,
0,2096730,1,1,AimBig Employment BAULKHAM HILLS,0212841E,
0,9261057509,0,1,AimBig Employment CHINCHILLA,0212838K,AALL
0,886745709,1,1,AimBig Employment MOUNT DRUITT,0212853J,
0,2157876709,1,1,AimBig Employment BANKSTOWN,0212839K,
0,13137610,1,1,AimBig Employment CAMPSIE,0212840D,
0,3769731309,1,1,AimBig Employment CAMPBELLTOWN,0212902B,
0,8758122909,0,0,AimBig Employment WERRIBEE,0212822B,MENH
0,6911844309,1,1,AimBig Employment CRAIGIEBURN,0212817E,
0,7910500,1,1,AimBig Employment MOUNT DRUITT,0212853J,
0,7250249019,0,1,AimBig Employment HURSTVILLE,0212855K,
0,315090,0,1,AimBig Employment BANKSTOWN,0212839K,
0,2133900119,0,1,AimBig Employment BANKSTOWN,0212839K,
0,7209149009,1,1,AimBig Employment SURFERS PARADISE,0212794C,
0,16183890,0,1,AimBig Employment EPPING,0212820K,
0,3809671909,0,1,AimBig Employment FRANKSTON,0212819G,MUSK
0,1865517809,1,1,AimBig Employment GLENORCHY,0212861J,
0,9340970209,1,1,AimBig Employment BANKSTOWN,0212839K,
0,2623960,0,1,AimBig Employment BROADMEADOWS,0212817E,
0,5212934909,1,1,AimBig Employment CAMPBELLTOWN,0212849B,AALL
0,5605790007,1,1,AimBig Employment SUNSHINE WEST,0212822B,
0,4459828003,1,1,AimBig Employment DARLINGHURST,0212845J,
0,2572131409,1,1,AimBig Employment SUNSHINE WEST,0212822B,
0,5494581909,1,1,AimBig Employment CAMPBELLTOWN,0212849B,
0,1281500,1,1,AimBig Employment CORIO,0212895H,
0,10835209,1,1,AimBig Employment BROADMEADOWS,0212817E,
0,8557041019,1,1,AimBig Employment SUNSHINE,0212822B,MENH
0,4143462809,1,1,AimBig Employment FAIRFIELD,0212899A,
0,7043229109,0,1,AimBig Employment FAIRFIELD,0212844H,
0,8962830119,1,1,AimBig Employment FRANKSTON,0212819G,MUSK
0,3332697309,0,1,AimBig Employment FAIRFIELD,0212899A,
0,7647123009,0,1,AimBig Employment SUNSHINE WEST,0212822B,
0,1882414709,0,1,AimBig Employment CORIO,0212895H,
0,8523003019,1,1,AimBig Employment DARLINGHURST,0212845J,
0,8512424119,1,1,AimBig Employment BROADMEADOWS,0212817E,
0,7674267909,0,0,AimBig Employment CHERMSIDE,0212795D,
0,4659279909,0,1,AimBig Employment CRAIGIEBURN,0212886G,AALL
0,8586155019,1,1,AimBig Employment WERRIBEE,0212822B,
0,9579122609,0,1,AimBig Employment CRAIGIEBURN,0212886G,
0,5276220,1,1,AimBig Employment FAIRFIELD,0212899A,
0,15538700,0,1,AimBig Employment MILES,0212897K,
0,9149903009,1,1,AimBig Employment SURFERS PARADISE,0212794C,
0,163356003,0,1,AimBig Employment BROADMEADOW,0212884E,
0,2304273019,1,1,AimBig Employment SUNSHINE,0212823C,
0,7239487409,0,1,AimBig Employment BAULKHAM HILLS,0212841E,
0,5288822609,1,1,AimBig Employment FRANKSTON,0212818F,
0,5610208809,1,1,AimBig Employment MACKAY,0212802J,MENH
0,4624730509,1,1,AimBig Employment WERRIBEE,0212823C,
0,151550,1,1,AimBig Employment CHERMSIDE,0212879H,AALL
0,8214795709,1,1,AimBig Employment CHERMSIDE,0212879H,
0,7437225109,1,1,AimBig Employment BANKSTOWN,0212839K,MENH
0,9477492909,1,1,AimBig Employment CAMPSIE,0212839K,
0,1400173004,1,1,AimBig Employment SURFERS PARADISE,0212793B,
0,4153902007,1,1,AimBig Employment SUNSHINE,0212823C,MUSK
0,9698685709,0,1,AimBig Employment BANKSTOWN,0212839K,MENH
0,36554409,1,1,AimBig Employment MOUNT DRUITT,0212854K,MUSK
0,5407250909,1,1,AimBig Employment BROADMEADOWS,0212817E,
0,13298970,1,1,AimBig Employment SUNSHINE,0212823C,
0,1358028909,1,1,AimBig Employment BROADMEADOW,0212815C,
0,8803283019,0,1,AimBig Employment EPPING,0212820K,
0,829572007,1,1,AimBig Employment FRANKSTON,0212818F,
0,1869580,1,1,AimBig Employment WERRIBEE,0212823C,
0,516071209,0,1,AimBig Employment NEWPORT,0212823C,
0,6265830109,1,1,AimBig Employment CAMPBELLTOWN,0212849B,
0,6599865019,1,1,AimBig Employment FAIRFIELD,0212899A,
0,453578509,0,1,AimBig Employment GLENORCHY,0212861J,
0,6671411209,1,1,AimBig Employment BANKSTOWN,0212839K,MENH
0,15572600,1,1,AimBig Employment CHERMSIDE,0212879H,
0,707807509,0,1,AimBig Employment MOUNT DRUITT,0212854K,
0,6338949109,0,1,AimBig Employment EPPING,0212821A,MUSK
0,1511144119,0,1,AimBig Employment EPPING,0212820K,
0,377421709,1,1,AimBig Employment SUNSHINE,0212822B,
0,1066133809,0,1,AimBig Employment INGLEBURN,0212849B,
0,294117709,0,1,AimBig Employment EPPING,0212820K,MENH
0,799117003,1,1,AimBig Employment SINGLETON,0212816D,
0,9758430019,1,1,AimBig Employment DARLINGHURST,0212900K,
0,9773082609,1,1,AimBig Employment MAITLAND,0212882C,AALL
0,7429121004,1,1,AimBig Employment MACKAY,0212802J,
0,7323507309,0,1,AimBig Employment INGLEBURN,0212849B,
0,787905109,1,1,AimBig Employment MOUNT DRUITT,0212853J,
0,6372983609,1,1,AimBig Employment CAMPBELLTOWN,0212849B,AALL
0,9946673909,0,1,AimBig Employment MOUNT DRUITT,0212853J,
0,5046895019,1,1,AimBig Employment CRAIGIEBURN,0212886G,
0,390814019,0,1,AimBig Employment HURSTVILLE,0212904D,AALL
0,330144119,1,1,AimBig Employment CRAIGIEBURN,0212886G,
0,8081302119,1,1,AimBig Employment BROADMEADOW,0212815C,
0,2120743209,0,1,AimBig Employment WERRIBEE,0212822B,
0,17743040,1,1,AimBig Employment FRANKSTON,0212818F,MENH
0,1686302309,0,1,AimBig Employment CAMPBELLTOWN,0212902B,
0,597496909,0,1,AimBig Employment FRANKSTON,0212819G,
0,3665415007,1,1,AimBig Employment CORIO,0212862K,
0,4877652609,1,1,AimBig Employment CAMPBELLTOWN,0212849B,
0,9094275509,1,1,AimBig Employment CAMPBELLTOWN,0212849B,
0,9550003,1,1,AimBig Employment BAULKHAM HILLS,0212898K,
0,3105323509,0,1,AimBig Employment FRANKSTON,0212819G,
0,726807509,0,1,AimBig Employment FAIRFIELD,0212844H,
0,4130002119,0,1,AimBig Employment CRAIGIEBURN,0212886G,AALL
0,5011908019,1,1,AimBig Employment HURSTVILLE,0212855K,AALL
0,4462849609,1,1,AimBig Employment INGLEBURN,0212849B,
0,7284626003,1,1,AimBig Employment BANKSTOWN,0212839K,MENH
0,5812910,0,1,AimBig Employment FRANKSTON,0212818F,
0,14554530,1,1,AimBig Employment DARLINGHURST,0212845J,
0,2662843009,1,1,AimBig Employment CAMPBELLTOWN,0212849B,
0,7913039809,1,1,AimBig Employment BROADMEADOWS,0212817E,
0,11791150,1,1,AimBig Employment FRANKSTON,0212819G,
0,8981144309,0,1,AimBig Employment BAULKHAM HILLS,0212898K,
0,15301530,0,1,AimBig Employment FRANKSTON,0212819G,
0,4559387509,1,1,AimBig Employment DARLINGHURST,0212900K,
0,5217365209,0,1,AimBig Employment CAMPBELLTOWN,0212849B,
0,6676602609,0,1,AimBig Employment EPPING,0212820K,
0,4091671007,0,1,AimBig Employment CORIO,0212862K,
0,1072190,1,1,AimBig Employment WERRIBEE,0212822B,
0,4998680,1,1,AimBig Employment MAITLAND,0212882C,
0,18091400,0,1,AimBig Employment FRANKSTON,0212818F,
0,7636657609,0,1,AimBig Employment BANKSTOWN,0212840D,
0,687198109,0,1,AimBig Employment EPPING,0212821A,
0,13793570,1,1,AimBig Employment DARLINGHURST,0212900K,AALL
0,7484748709,1,1,AimBig Employment HURSTVILLE,0212904D,
0,9355912809,0,1,AimBig Employment GLENORCHY,0212892E,
0,8312574019,0,1,AimBig Employment EPPING,0212820K,
0,5559546007,0,1,AimBig Employment EPPING,0212820K,
0,8780518109,1,1,AimBig Employment BROADMEADOWS,0212886G,
0,1293292909,1,1,AimBig Employment CRAIGIEBURN,0212817E,
0,6435150,1,1,AimBig Employment EPPING,0212820K,
0,1181531109,1,1,AimBig Employment SUNSHINE,0212823C,
0,2073460008,1,1,AimBig Employment CRAIGIEBURN,0212817E,
0,3940684004,1,1,AimBig Employment CHERMSIDE,0212795D,
0,3557355609,0,1,AimBig Employment CHERMSIDE,0212795D,
0,1288406709,1,1,AimBig Employment FRANKSTON,0212818F,
0,3153606609,1,1,AimBig Employment FAIRFIELD,0212844H,
0,197664809,1,1,AimBig Employment WERRIBEE,0212822B,
0,986611003,1,1,AimBig Employment BANKSTOWN,0212839K,
0,4319492909,0,1,AimBig Employment BANKSTOWN,0212839K,MENH
0,9589271019,1,1,AimBig Employment NEWPORT,0212822B,
0,4773173409,1,1,AimBig Employment WERRIBEE,0212823C,
0,15137770,0,1,AimBig Employment BAULKHAM HILLS,0212898K,
0,1002620,0,1,AimBig Employment CRAIGIEBURN,0212817E,AALL
0,2582980609,0,1,AimBig Employment FRANKSTON,0212818F,
0,1324065409,0,1,AimBig Employment CORIO,0212895H,
0,31337019,1,1,AimBig Employment WERRIBEE,0212822B,
0,5691410509,1,1,AimBig Employment SURFERS PARADISE,0212794C,
0,3964890,0,0,AimBig Employment CRAIGIEBURN,0212817E,
0,8322186509,1,1,AimBig Employment BROADMEADOW,0212815C,
0,734727809,1,1,AimBig Employment CRAIGIEBURN,0212886G,
0,4989146909,0,1,AimBig Employment BROADMEADOW,0212884E,
0,7442298809,1,1,AimBig Employment MAITLAND,0212813A,
0,8303058909,1,1,AimBig Employment CORIO,0212895H,
0,368500019,1,1,AimBig Employment CHERMSIDE,0212795D,
0,4441640409,1,1,AimBig Employment EPPING,0212820K,
0,2218428909,1,1,AimBig Employment BROADMEADOWS,0212886G,
0,5095534609,1,1,AimBig Employment DARLINGHURST,0212845J,
0,1857962909,1,1,AimBig Employment BROADMEADOWS,0212817E,
0,1264120,1,1,AimBig Employment CAMPBELLTOWN,0212849B,
0,2372120109,0,1,AimBig Employment BANKSTOWN,0212839K,MENH
0,5236682409,1,1,AimBig Employment BROADMEADOWS,0212886G,
0,3661308909,0,1,AimBig Employment MAITLAND,0212882C,AALL
0,3563551909,1,1,AimBig Employment WERRIBEE,0212822B,
0,969599909,0,1,AimBig Employment BANKSTOWN,0212840D,
0,981647003,0,1,AimBig Employment CAMPBELLTOWN,0212902B,
0,7253040006,1,1,AimBig Employment GLENORCHY,0212892E,
0,7778871309,0,1,AimBig Employment BANKSTOWN,0212839K,
0,7911153509,0,1,AimBig Employment CORIO,0212895H,
0,7113218019,0,1,AimBig Employment CAMPBELLTOWN,0212902B,
0,10024890,0,1,AimBig Employment BANKSTOWN,0212839K,MENH
0,664908019,1,1,AimBig Employment FRANKSTON,0212818F,
0,12141780,1,1,AimBig Employment DARLINGHURST,0212845J,
0,1522061007,0,1,AimBig Employment WERRIBEE,0212822B,
0,3795963709,1,1,AimBig Employment CRAIGIEBURN,0212817E,AALL
0,130444119,1,1,AimBig Employment WERRIBEE,0212822B,
0,5079570,0,1,AimBig Employment NEWPORT,0212822B,
0,1710223709,1,1,AimBig Employment SUNSHINE,0212823C,
0,7710965809,0,1,AimBig Employment MAITLAND,0212882C,
0,5219260,1,1,AimBig Employment CHERMSIDE,0212795D,
0,499042809,0,1,AimBig Employment WERRIBEE,0212822B,MENH
0,4015150,1,1,AimBig Employment MAITLAND,0212882C,AALL
0,6872977409,1,1,AimBig Employment GLENORCHY,0212861J,
0,16382720,0,1,AimBig Employment MACKAY,0212803K,
0,945954709,0,1,AimBig Employment WERRIBEE,0212822B,MENH
0,17714690,1,1,AimBig Employment MOUNT DRUITT,0212854K,
0,6258690004,1,1,AimBig Employment CHERMSIDE,0212879H,
0,3746362809,1,1,AimBig Employment CAMPSIE,0212839K,
0,5864691003,1,1,AimBig Employment SINGLETON,0212885F,
0,8228725409,0,1,AimBig Employment CAMPBELLTOWN,0212849B,AALL
0,17987460,1,1,AimBig Employment HURSTVILLE,0212904D,
0,4189427609,0,1,AimBig Employment GLENORCHY,0212861J,
0,7821342609,1,1,AimBig Employment CAMPSIE,0212839K,
0,888603909,0,1,AimBig Employment MAITLAND,0212813A,
0,8798863109,0,1,AimBig Employment MAITLAND,0212813A,
0,8920075003,1,1,AimBig Employment MILES,0212838K,
0,2980203409,1,1,AimBig Employment SURFERS PARADISE,0212793B,
0,9344408709,1,1,AimBig Employment CHERMSIDE,0212879H,
0,3417009809,1,1,AimBig Employment WERRIBEE,0212822B,
0,351076909,0,1,AimBig Employment CORIO,0212862K,
0,1758900,0,1,AimBig Employment BROADMEADOW,0212815C,
0,4547330019,0,1,AimBig Employment FAIRFIELD,0212844H,AALL
0,1097300,0,1,AimBig Employment CAMPBELLTOWN,0212849B,
0,2157764709,1,1,AimBig Employment CHERMSIDE,0212795D,AALL
0,8488681019,1,1,AimBig Employment FAIRFIELD,0212844H,AALL
0,9733571003,1,1,AimBig Employment CAMPSIE,0212840D,
0,16269220,1,1,AimBig Employment BROADMEADOWS,0212817E,
0,7678964809,0,1,AimBig Employment FAIRFIELD,0212844H,
0,7086107309,1,1,AimBig Employment MAITLAND,0212813A,
0,9628090007,0,1,AimBig Employment BROADMEADOWS,0212817E,
0,18332780,0,1,AimBig Employment CAMPBELLTOWN,0212902B,
0,2724021007,0,1,AimBig Employment BROADMEADOWS,0212817E,AALL
0,9477120809,0,1,AimBig Employment BROADMEADOWS,0212886G,AALL
0,2920493109,0,1,AimBig Employment BROADMEADOW,0212815C,
0,6422282709,0,1,AimBig Employment SINGLETON,0212816D,
0,763660004,1,1,AimBig Employment SURFERS PARADISE,0212793B,
0,6463963809,1,1,AimBig Employment FRANKSTON,0212819G,MUSK
0,701227709,0,1,AimBig Employment SURFERS PARADISE,0212794C,
0,3203415019,0,1,Aimbig Employment LAUNCESTON,0212865B,
0,5592640009,0,1,AimBig Employment SINGLETON,0212885F,
0,1078951709,0,1,AimBig Employment MAITLAND,0212882C,
0,9804247809,0,1,AimBig Employment CHINCHILLA,0212838K,
0,9545466409,1,1,AimBig Employment GLENORCHY,0212861J,
0,5533922019,1,1,AimBig Employment HURSTVILLE,0212855K,AALL
0,1889060,0,1,AimBig Employment BROADMEADOW,0212884E,
0,1722044007,1,1,AimBig Employment BROADMEADOWS,0212886G,
0,6546270509,1,1,Aimbig Employment LAUNCESTON,0212893F,
0,6910351709,1,1,AimBig Employment CAMPBELLTOWN,0212849B,
0,1490897909,1,1,AimBig Employment CAMPBELLTOWN,0212849B,
0,9115853007,0,1,AimBig Employment SUNSHINE,0212823C,
0,3692930009,1,1,AimBig Employment EPPING,0212820K,
0,9112406009,1,1,AimBig Employment SURFERS PARADISE,0212794C,
0,1116820,1,1,AimBig Employment CHERMSIDE,0212795D,
0,10734400,1,1,AimBig Employment BAULKHAM HILLS,0212841E,
0,3781866003,0,1,AimBig Employment DARLINGHURST,0212900K,AALL
0,8269910709,1,1,AimBig Employment CHERMSIDE,0212879H,
0,477260006,0,1,AimBig Employment FRANKSTON,0212818F,MENH
0,2082148709,1,1,AimBig Employment MOUNT DRUITT,0212854K,
0,2107146509,1,1,AimBig Employment SURFERS PARADISE,0212793B,
0,9131491119,0,1,AimBig Employment HURSTVILLE,0212904D,
0,1743928309,0,1,AimBig Employment CAMPBELLTOWN,0212902B,
0,6561853909,0,1,AimBig Employment MILES,0212838K,AALL
0,7495948709,1,1,AimBig Employment MOUNT DRUITT,0212853J,MENH
0,8848011809,1,1,AimBig Employment BROADMEADOW,0212884E,
0,3990280,1,1,AimBig Employment CAMPSIE,0212839K,
0,904010,1,1,AimBig Employment BAULKHAM HILLS,0212898K,AALL
0,4651215209,1,1,AimBig Employment BANKSTOWN,0212840D,MUSK
0,858042003,1,1,AimBig Employment DARLINGHURST,0212845J,AALL
0,7231610409,0,1,AimBig Employment CAMPBELLTOWN,0212902B,AALL
0,1647961019,1,1,AimBig Employment HURSTVILLE,0212904D,
0,2475357309,0,1,AimBig Employment DARLINGHURST,0212900K,
0,16547360,1,1,AimBig Employment BAULKHAM HILLS,0212898K,AALL
0,7703490119,1,1,AimBig Employment BROADMEADOWS,0212886G,
0,4278344609,1,1,AimBig Employment SUNSHINE,0212822B,MENH
0,6193190007,1,1,AimBig Employment BROADMEADOWS,0212886G,
0,5813190,1,1,AimBig Employment BROADMEADOWS,0212817E,
0,2678761409,1,1,AimBig Employment BROADMEADOWS,0212886G,
0,1042611119,1,1,AimBig Employment HURSTVILLE,0212904D,
0,2012732809,0,1,AimBig Employment WERRIBEE,0212822B,
0,1324058009,0,1,AimBig Employment BANKSTOWN,0212840D,
0,281247109,1,1,AimBig Employment MAITLAND,0212813A,
0,7661633709,0,1,AimBig Employment BROADMEADOW,0212815C,
0,7222743409,0,1,AimBig Employment CHERMSIDE,0212879H,
0,3606880,1,1,AimBig Employment BROADMEADOWS,0212886G,AALL
0,1610291119,0,1,AimBig Employment BROADMEADOWS,0212817E,AALL
0,20630909,1,1,AimBig Employment BROADMEADOWS,0212817E,
0,9612537809,1,1,AimBig Employment BROADMEADOWS,0212886G,
0,8439969209,1,1,AimBig Employment BROADMEADOWS,0212817E,
0,903715007,0,1,AimBig Employment SURFERS PARADISE,0212793B,MENH
0,6152213709,1,1,AimBig Employment HURSTVILLE,0212855K,
0,7382390119,0,1,AimBig Employment CHERMSIDE,0212795D,AALL
0,12683670,1,1,AimBig Employment BAULKHAM HILLS,0212898K,
0,6933739009,1,1,AimBig Employment SINGLETON,0212816D,
0,4644041007,1,1,AimBig Employment MACKAY,0212802J,
0,5726917309,0,1,AimBig Employment ROCKHAMPTON CITY,0212801H,
0,14790540,0,1,AimBig Employment BANKSTOWN,0212839K,MENH
0,6701892003,0,1,AimBig Employment FAIRFIELD,0212899A,
0,3028610,0,1,AimBig Employment BAULKHAM HILLS,0212841E,
0,4693881409,0,1,AimBig Employment BROADMEADOWS,0212817E,
0,497517809,1,1,AimBig Employment BROADMEADOW,0212884E,
0,6847314109,1,1,AimBig Employment HURSTVILLE,0212904D,
0,4857760,0,1,AimBig Employment MOUNT DRUITT,0212853J,
0,8475056509,0,1,AimBig Employment FAIRFIELD,0212899A,
0,419079909,1,1,AimBig Employment FAIRFIELD,0212844H,
0,7757007709,0,1,AimBig Employment CRAIGIEBURN,0212817E,
0,678037009,1,1,AimBig Employment WERRIBEE,0212822B,
0,5349130,1,1,AimBig Employment NEWPORT,0212823C,
0,17003930,1,1,AimBig Employment WERRIBEE,0212823C,MUSK
0,4776263609,1,1,AimBig Employment WERRIBEE,0212822B,
0,5305980709,1,1,AimBig Employment DARLINGHURST,0212845J,
0,5513366609,1,1,AimBig Employment MOUNT DRUITT,0212854K,
0,852535809,0,1,AimBig Employment SUNSHINE WEST,0212822B,
0,7629384809,1,1,AimBig Employment BROADMEADOWS,0212817E,
0,7023684509,1,1,AimBig Employment CORIO,0212895H,AALL
0,8836331003,1,1,AimBig Employment CAMPBELLTOWN,0212902B,AALL
0,8640824004,0,1,AimBig Employment CHINCHILLA,0212838K,AALL
0,6284012709,1,1,AimBig Employment SURFERS PARADISE,0212794C,
0,2599150,1,1,AimBig Employment DARLINGHURST,0212900K,AALL
0,105150019,0,1,AimBig Employment INGLEBURN,0212849B,AALL
0,540790,1,1,AimBig Employment FAIRFIELD,0212844H,AALL
0,2895199809,0,1,AimBig Employment FAIRFIELD,0212844H,
0,1138935019,1,1,AimBig Employment CORIO,0212862K,AALL
0,8805836509,0,1,AimBig Employment CAMPBELLTOWN,0212849B,AALL
0,8334292019,0,1,AimBig Employment CHERMSIDE,0212795D,AALL
0,7681194003,0,1,AimBig Employment ROCKHAMPTON CITY,0212801H,MUSK
0,3381556909,1,1,AimBig Employment ROCKHAMPTON CITY,0212800G,
0,4062343003,1,1,AimBig Employment INGLEBURN,0212849B,
0,11019320,1,1,AimBig Employment BAULKHAM HILLS,0212898K,
0,1384788309,1,1,AimBig Employment BAULKHAM HILLS,0212898K,AALL
0,802902019,0,1,AimBig Employment BANKSTOWN,0212839K,
0,645205909,1,1,AimBig Employment MAITLAND,0212882C,AALL
0,6069542007,0,1,AimBig Employment EPPING,0212821A,MUSK
0,851094709,1,1,AimBig Employment WERRIBEE,0212823C,MUSK
0,6017560,0,1,AimBig Employment FAIRFIELD,0212844H,AALL
0,4974336909,0,1,AimBig Employment BAULKHAM HILLS,0212898K,
0,425604609,0,1,AimBig Employment MILES,0212897K,AALL
0,9826523109,0,1,AimBig Employment BANKSTOWN,0212839K,
0,9885245809,0,1,AimBig Employment BANKSTOWN,0212839K,MENH
0,2283600,1,1,AimBig Employment MACKAY,0212802J,
0,3298140,1,1,AimBig Employment FAIRFIELD,0212899A,AALL
0,6558400609,1,1,AimBig Employment WERRIBEE,0212823C,
0,6233538009,0,1,AimBig Employment FAIRFIELD,0212844H,AALL
0,7671155007,1,1,AimBig Employment BROADMEADOWS,0212886G,AALL
0,1667800,1,1,AimBig Employment CAMPBELLTOWN,0212902B,
0,1433720019,0,1,AimBig Employment WERRIBEE,0212822B,MENH
0,8487110709,1,1,AimBig Employment CAMPBELLTOWN,0212849B,AALL
0,5705316007,1,1,AimBig Employment BROADMEADOWS,0212886G,
0,32581509,1,1,AimBig Employment CAMPBELLTOWN,0212849B,AALL
0,1421413119,1,1,AimBig Employment BROADMEADOWS,0212817E,
0,7876594019,1,1,AimBig Employment BROADMEADOWS,0212886G,
0,2658574609,1,1,AimBig Employment BROADMEADOWS,0212886G,
0,2823866809,1,1,AimBig Employment BAULKHAM HILLS,0212841E,AALL
0,3926452309,1,1,AimBig Employment MILES,0212897K,
0,7112161109,1,1,AimBig Employment BROADMEADOWS,0212817E,
0,1248850,1,1,AimBig Employment SUNSHINE,0212822B,MENH
0,1168682709,1,1,AimBig Employment CAMPBELLTOWN,0212902B,
0,578070209,1,1,AimBig Employment BROADMEADOW,0212884E,
0,9207886709,0,1,AimBig Employment ROCKHAMPTON CITY,0212801H,MUSK
0,2284409809,1,1,AimBig Employment CAMPBELLTOWN,0212902B,
0,929187003,1,1,AimBig Employment BROADMEADOWS,0212817E,
0,3213945007,0,1,AimBig Employment FRANKSTON,0212818F,MENH
0,2946360,1,1,AimBig Employment BROADMEADOWS,0212817E,
0,15795110,0,1,AimBig Employment SUNSHINE WEST,0212823C,
0,6267543509,0,1,AimBig Employment CORIO,0212895H,
0,9579474019,1,1,AimBig Employment FAIRFIELD,0212899A,
0,5593995019,1,1,AimBig Employment HURSTVILLE,0212855K,AALL
0,1807096109,0,1,AimBig Employment CAMPBELLTOWN,0212849B,
0,13302780,0,0,AimBig Employment FAIRFIELD,0212844H,
0,7257790,1,1,AimBig Employment DARLINGHURST,0212900K,
0,2543148209,1,1,AimBig Employment BAULKHAM HILLS,0212898K,
0,2860464019,0,1,AimBig Employment DARLINGHURST,0212900K,
0,1491042019,0,1,AimBig Employment CRAIGIEBURN,0212817E,
0,12433510,1,1,AimBig Employment NEWPORT,0212823C,
0,4721882409,1,1,AimBig Employment INGLEBURN,0212849B,
0,198197709,1,1,Aimbig Employment LAUNCESTON,0212893F,
0,5575775004,0,1,AimBig Employment CHERMSIDE,0212795D,AALL
0,2390667909,1,1,AimBig Employment CRAIGIEBURN,0212817E,
0,2450480,0,1,AimBig Employment MOUNT DRUITT,0212853J,
0,7237950509,1,1,AimBig Employment BANKSTOWN,0212839K,MENH
0,1569254007,1,1,AimBig Employment WERRIBEE,0212823C,
0,6767082003,1,1,AimBig Employment CAMPBELLTOWN,0212902B,
0,3491071003,1,1,AimBig Employment HURSTVILLE,0212855K,
0,6599672909,0,1,AimBig Employment EPPING,0212821A,
0,5798700709,1,1,AimBig Employment DARLINGHURST,0212845J,AALL
0,4467903209,0,0,AimBig Employment DARLINGHURST,0212900K,
0,3032298709,1,1,AimBig Employment CAMPSIE,0212839K,
0,295321109,1,1,AimBig Employment CAMPBELLTOWN,0212849B,
0,846850,1,1,AimBig Employment CRAIGIEBURN,0212817E,
0,9890730809,1,1,AimBig Employment HURSTVILLE,0212904D,
0,1753559609,1,1,AimBig Employment BAULKHAM HILLS,0212898K,AALL
0,9501133709,1,1,AimBig Employment CAMPBELLTOWN,0212902B,
0,2159622909,1,1,AimBig Employment MAITLAND,0212882C,
0,540170119,0,1,AimBig Employment EPPING,0212820K,
0,8747833007,1,1,AimBig Employment CRAIGIEBURN,0212886G,
0,18157000,1,1,AimBig Employment BAULKHAM HILLS,0212898K,
0,1548048309,1,1,AimBig Employment BANKSTOWN,0212839K,MENH
0,5519200,0,1,Aimbig Employment LAUNCESTON,0212865B,
0,1330852609,0,1,AimBig Employment BAULKHAM HILLS,0212898K,AALL
0,3799431509,0,1,AimBig Employment MOUNT DRUITT,0212853J,MENH
0,8016521007,0,1,AimBig Employment CRAIGIEBURN,0212886G,
0,3881088909,1,1,AimBig Employment EPPING,0212820K,
0,9978973609,1,1,AimBig Employment HURSTVILLE,0212904D,
0,1277084909,0,1,AimBig Employment WERRIBEE,0212823C,
0,3162823119,1,1,AimBig Employment BROADMEADOWS,0212817E,AALL
0,6104792809,1,1,AimBig Employment WERRIBEE,0212822B,
0,3429541007,1,1,AimBig Employment CRAIGIEBURN,0212817E,
0,7452613019,0,1,AimBig Employment WERRIBEE,0212823C,
0,9813657003,1,1,AimBig Employment BANKSTOWN,0212839K,MENH
0,6801223609,1,1,AimBig Employment BROADMEADOWS,0212886G,
0,5331746007,1,1,AimBig Employment NEWPORT,0212823C,
0,3984080007,1,1,AimBig Employment WERRIBEE,0212823C,MUSK
0,4848577003,0,1,AimBig Employment BROADMEADOW,0212884E,
0,6414622009,0,1,AimBig Employment CORIO,0212862K,
0,1773994003,1,1,AimBig Employment CAMPBELLTOWN,0212849B,
0,4476140809,1,1,AimBig Employment CORIO,0212895H,AALL
0,6470535609,1,1,AimBig Employment BROADMEADOWS,0212817E,AALL
0,843666003,1,1,AimBig Employment BANKSTOWN,0212839K,MENH
0,6522375019,0,1,AimBig Employment HURSTVILLE,0212904D,
0,4222638019,0,1,AimBig Employment CORIO,0212862K,
0,6364002007,1,1,AimBig Employment SUNSHINE,0212823C,MUSK
0,8089622007,1,1,AimBig Employment WERRIBEE,0212822B,
0,4324350909,1,1,AimBig Employment CAMPBELLTOWN,0212849B,
0,7029148709,0,1,AimBig Employment INGLEBURN,0212849B,
0,4345330809,1,1,AimBig Employment WERRIBEE,0212822B,
0,8168964409,1,1,AimBig Employment BAULKHAM HILLS,0212898K,
0,6569917609,1,1,AimBig Employment BANKSTOWN,0212840D,MUSK
0,17737020,1,1,AimBig Employment SINGLETON,0212816D,AALL
0,7058980,1,1,AimBig Employment DARLINGHURST,0212845J,
0,649843019,0,1,AimBig Employment HURSTVILLE,0212855K,AALL
0,7188060,0,1,AimBig Employment CAMPBELLTOWN,0212849B,
0,2082170209,1,1,AimBig Employment MAITLAND,0212882C,
0,144454007,1,1,AimBig Employment CRAIGIEBURN,0212886G,AALL
0,7506980003,1,1,AimBig Employment BROADMEADOWS,0212817E,
0,3054257909,1,1,AimBig Employment BROADMEADOWS,0212886G,
0,1444855309,1,1,AimBig Employment BROADMEADOWS,0212817E,
0,7827003109,1,1,AimBig Employment BROADMEADOWS,0212886G,
0,2661664009,1,1,AimBig Employment BROADMEADOWS,0212886G,AALL
0,7142321004,1,1,AimBig Employment SINGLETON,0212816D,
0,7123334309,0,0,AimBig Employment BROADMEADOWS,0212817E,
0,490051003,1,1,AimBig Employment INGLEBURN,0212902B,AALL
0,6168685309,1,1,AimBig Employment CAMPBELLTOWN,0212849B,AALL
0,1097206809,1,1,AimBig Employment BAULKHAM HILLS,0212898K,
0,13127690,0,1,AimBig Employment CRAIGIEBURN,0212886G,
0,2953241709,0,1,AimBig Employment FRANKSTON,0212818F,MENH
0,2459270,0,1,AimBig Employment FRANKSTON,0212818F,
0,14184690,1,1,AimBig Employment BAULKHAM HILLS,0212841E,
0,8872920,1,1,AimBig Employment BAULKHAM HILLS,0212841E,
0,1995062109,1,1,Aimbig Employment LAUNCESTON,0212865B,
0,5881319019,1,1,AimBig Employment BROADMEADOWS,0212886G,
0,8332161909,1,1,AimBig Employment HURSTVILLE,0212904D,AALL
0,5233160008,1,1,AimBig Employment CHERMSIDE,0212795D,
0,1343621003,0,1,AimBig Employment BROADMEADOW,0212884E,
0,16041100,1,1,AimBig Employment DARLINGHURST,0212845J,
0,7747671109,1,1,AimBig Employment CRAIGIEBURN,0212886G,AALL
0,2270128909,0,1,AimBig Employment MOUNT DRUITT,0212853J,MENH
0,884221004,1,1,AimBig Employment NEWPORT,0212822B,
0,1458664709,1,1,AimBig Employment CAMPBELLTOWN,0212849B,
0,4626900,1,1,AimBig Employment EPPING,0212820K,MENH
0,5011668509,1,1,AimBig Employment HURSTVILLE,0212855K,
0,6847695509,0,1,AimBig Employment CHERMSIDE,0212879H,
0,597464809,0,1,AimBig Employment CORIO,0212862K,
0,3349168109,1,1,AimBig Employment WERRIBEE,0212822B,
0,7174662309,0,1,AimBig Employment BROADMEADOWS,0212886G,
0,459080,1,1,AimBig Employment FAIRFIELD,0212844H,AALL
0,914280,1,1,AimBig Employment BANKSTOWN,0212839K,
0,1885415709,1,1,AimBig Employment CAMPSIE,0212840D,
0,3622338003,0,1,AimBig Employment MAITLAND,0212882C,AALL
0,739458809,1,1,AimBig Employment BROADMEADOWS,0212817E,AALL
0,2486905209,1,1,AimBig Employment SINGLETON,0212816D,
0,790444109,1,1,AimBig Employment WERRIBEE,0212823C,MUSK
0,3159453019,1,1,AimBig Employment BROADMEADOWS,0212886G,
0,2491605007,1,1,AimBig Employment BROADMEADOWS,0212817E,
0,19340470,1,1,AimBig Employment BROADMEADOWS,0212817E,
0,2801936409,1,1,AimBig Employment MAITLAND,0212882C,
0,599303409,0,1,AimBig Employment CAMPBELLTOWN,0212849B,
0,2001338809,1,1,Aimbig Employment LAUNCESTON,0212893F,AALL
0,2585440,1,1,AimBig Employment BROADMEADOWS,0212886G,
0,5806549309,1,1,AimBig Employment BROADMEADOWS,0212817E,
0,412180,1,1,AimBig Employment CRAIGIEBURN,0212817E,AALL
0,1212812007,1,1,Aimbig Employment LAUNCESTON,0212865B,
0,7125013709,1,1,AimBig Employment MAITLAND,0212813A,
0,6841636509,1,1,AimBig Employment DARLINGHURST,0212845J,AALL
0,7431371209,0,1,AimBig Employment CORIO,0212895H,
0,7963777809,0,1,AimBig Employment CHERMSIDE,0212795D,AALL
0,3328764109,0,0,AimBig Employment CORIO,0212895H,AALL
0,4542915007,1,1,AimBig Employment WERRIBEE,0212823C,
0,8045700019,1,1,AimBig Employment MAITLAND,0212882C,
0,1015910019,0,1,AimBig Employment BANKSTOWN,0212840D,MUSK
0,933913003,1,1,AimBig Employment BANKSTOWN,0212840D,
0,5102362309,0,1,AimBig Employment BAULKHAM HILLS,0212898K,AALL
0,193957809,0,1,AimBig Employment FAIRFIELD,0212899A,
0,5363511809,1,1,AimBig Employment FRANKSTON,0212818F,
0,7242067309,0,1,AimBig Employment MAITLAND,0212813A,AALL
0,5428669509,0,1,AimBig Employment INGLEBURN,0212849B,AALL
0,6750250109,1,1,AimBig Employment CAMPBELLTOWN,0212849B,AALL
0,876380,0,1,AimBig Employment CRAIGIEBURN,0212886G,AALL
0,7368643009,0,1,AimBig Employment FAIRFIELD,0212899A,
0,721319909,0,1,Aimbig Employment LAUNCESTON,0212865B,
0,8775258809,0,1,AimBig Employment INGLEBURN,0212849B,AALL
0,8042585009,1,1,Aimbig Employment LAUNCESTON,0212865B,
0,4986824509,0,1,AimBig Employment BROADMEADOWS,0212886G,
0,2529812809,0,1,AimBig Employment CAMPBELLTOWN,0212849B,
0,9869741007,1,1,AimBig Employment BROADMEADOWS,0212886G,
0,2377353007,0,1,AimBig Employment SUNSHINE,0212823C,
0,5592795007,1,1,AimBig Employment BROADMEADOWS,0212817E,
0,152919809,1,1,AimBig Employment BAULKHAM HILLS,0212898K,AALL
0,5555240,1,1,AimBig Employment FAIRFIELD,0212899A,AALL
0,7093622909,0,1,AimBig Employment BROADMEADOWS,0212817E,
0,5831360,1,1,AimBig Employment CAMPBELLTOWN,0212849B,
0,199928109,1,1,AimBig Employment EPPING,0212820K,MENH
0,6890432019,1,1,AimBig Employment WERRIBEE,0212823C,
0,15284640,1,1,AimBig Employment BROADMEADOWS,0212817E,
0,9077763009,1,1,AimBig Employment BROADMEADOWS,0212886G,
0,18134810,1,1,AimBig Employment BROADMEADOWS,0212886G,AALL
0,3954591009,1,1,AimBig Employment BROADMEADOWS,0212817E,
0,3504520,1,1,AimBig Employment CRAIGIEBURN,0212886G,
0,6670492119,0,1,AimBig Employment FAIRFIELD,0212899A,AALL
0,3603723119,1,1,AimBig Employment CRAIGIEBURN,0212817E,
0,4885073009,0,1,AimBig Employment BROADMEADOWS,0212886G,AALL
0,6668752909,1,1,AimBig Employment BROADMEADOWS,0212886G,
0,9428523007,0,1,AimBig Employment BROADMEADOWS,0212817E,
0,2254737909,0,1,AimBig Employment CAMPBELLTOWN,0212902B,
0,2986079609,0,1,AimBig Employment MACKAY,0212803K,MUSK
0,139023009,0,1,AimBig Employment BAULKHAM HILLS,0212841E,
0,4353848709,1,1,AimBig Employment INGLEBURN,0212849B,
0,8986979609,0,1,AimBig Employment EPPING,0212820K,
0,3563161109,1,1,AimBig Employment CHINCHILLA,0212838K,
0,19914940,0,1,AimBig Employment DARLINGHURST,0212845J,
0,2715471509,0,1,AimBig Employment FAIRFIELD,0212844H,AALL
0,836861004,0,1,AimBig Employment MAITLAND,0212813A,AALL
0,711210003,1,1,AimBig Employment MOUNT DRUITT,0212853J,
0,4392415909,1,1,AimBig Employment FAIRFIELD,0212899A,
0,4710240,0,1,Aimbig Employment LAUNCESTON,0212893F,
0,710559019,1,1,AimBig Employment CRAIGIEBURN,0212817E,
0,7496289709,0,1,AimBig Employment CAMPBELLTOWN,0212849B,
0,2467041009,0,0,AimBig Employment CAMPBELLTOWN,0212902B,
0,4062620,1,1,AimBig Employment CRAIGIEBURN,0212817E,AALL
0,10111220,0,1,AimBig Employment MOUNT DRUITT,0212854K,
0,3356588609,1,1,AimBig Employment CAMPBELLTOWN,0212849B,AALL
0,8295429209,0,0,AimBig Employment MAITLAND,0212813A,
0,8815116609,0,1,AimBig Employment CRAIGIEBURN,0212817E,AALL
0,16464980,1,1,AimBig Employment EPPING,0212820K,
0,6081472003,0,1,AimBig Employment FAIRFIELD,0212844H,
0,5215190,1,1,AimBig Employment FAIRFIELD,0212899A,AALL
0,8562966409,1,1,AimBig Employment CRAIGIEBURN,0212817E,
0,4199245509,1,1,AimBig Employment CRAIGIEBURN,0212817E,
0,6755064909,1,1,AimBig Employment CAMPSIE,0212839K,
0,3663271809,1,1,AimBig Employment FRANKSTON,0212818F,MENH
0,4563420309,1,1,AimBig Employment BROADMEADOW,0212815C,
0,698036019,1,1,AimBig Employment BAULKHAM HILLS,0212898K,AALL
0,531090,1,1,AimBig Employment FAIRFIELD,0212844H,AALL
0,9494953003,1,1,AimBig Employment CAMPBELLTOWN,0212849B,
0,410689109,1,1,AimBig Employment CAMPBELLTOWN,0212849B,
0,2417520,0,1,AimBig Employment SUNSHINE,0212823C,
0,610007003,0,1,AimBig Employment FAIRFIELD,0212899A,AALL
0,4023383609,0,1,AimBig Employment DARLINGHURST,0212845J,
0,15624820,1,1,AimBig Employment NEWPORT,0212823C,
0,7368098809,0,0,AimBig Employment EPPING,0212820K,
0,9215417309,0,1,AimBig Employment BROADMEADOWS,0212886G,AALL
0,2633514109,0,1,AimBig Employment BROADMEADOWS,0212817E,
0,2489938309,0,1,AimBig Employment INGLEBURN,0212849B,
0,9459292007,1,1,AimBig Employment CORIO,0212862K,
0,5028007003,1,1,AimBig Employment CAMPSIE,0212839K,
0,517226007,1,1,AimBig Employment FRANKSTON,0212818F,MENH
0,8741470,0,1,AimBig Employment CORIO,0212862K,
0,381666109,1,1,AimBig Employment CAMPSIE,0212839K,MENH
0,1834597109,0,1,AimBig Employment MOUNT DRUITT,0212854K,MUSK
0,7409408909,1,1,AimBig Employment BROADMEADOWS,0212886G,
0,2216383004,0,1,Aimbig Employment LAUNCESTON,0212893F,
0,447973003,0,1,AimBig Employment BANKSTOWN,0212839K,MENH
0,1681130,0,1,AimBig Employment DARLINGHURST,0212900K,AALL
0,587220709,1,1,AimBig Employment CHERMSIDE,0212795D,AALL
0,692619019,0,1,AimBig Employment BANKSTOWN,0212840D,MUSK
0,7790438909,1,1,AimBig Employment HURSTVILLE,0212855K,AALL
0,5540610,0,1,AimBig Employment BROADMEADOWS,0212817E,AALL
0,8169954909,1,1,AimBig Employment MAITLAND,0212813A,AALL
0,1414120,0,1,AimBig Employment BROADMEADOW,0212884E,
0,9502342909,1,1,AimBig Employment MOUNT DRUITT,0212853J,MENH
0,2914870,0,1,AimBig Employment CAMPBELLTOWN,0212902B,
0,5848640,1,1,AimBig Employment CAMPBELLTOWN,0212849B,
0,8437707003,0,1,AimBig Employment MAITLAND,0212882C,AALL
0,9116711007,1,1,AimBig Employment CRAIGIEBURN,0212886G,AALL
0,4371425019,0,1,AimBig Employment CRAIGIEBURN,0212817E,AALL
0,3543050,1,1,AimBig Employment CRAIGIEBURN,0212817E,
0,20591890,0,0,AimBig Employment SURFERS PARADISE,0212794C,
0,2205920,1,1,AimBig Employment BANKSTOWN,0212839K,MENH
0,3809130,1,1,AimBig Employment BANKSTOWN,0212840D,MUSK
0,8909051009,0,1,AimBig Employment SUNSHINE,0212823C,
0,6561835007,0,1,AimBig Employment SUNSHINE,0212823C,MUSK
0,3540571609,1,1,AimBig Employment SURFERS PARADISE,0212794C,
0,5698449009,1,1,AimBig Employment FAIRFIELD,0212899A,AALL
0,262680007,0,1,AimBig Employment SUNSHINE,0212822B,MENH
0,9842831509,1,1,AimBig Employment CAMPBELLTOWN,0212849B,AALL
0,9613242119,0,1,AimBig Employment FRANKSTON,0212818F,MENH
0,3149310,1,1,AimBig Employment FAIRFIELD,0212844H,AALL
0,34034007,1,1,AimBig Employment BROADMEADOWS,0212886G,AALL
0,2957466909,1,1,AimBig Employment EPPING,0212820K,MENH
0,1881440,0,1,AimBig Employment DARLINGHURST,0212900K,AALL
0,1401333019,1,1,AimBig Employment CHINCHILLA,0212838K,
0,5551251004,1,1,AimBig Employment CHINCHILLA,0212838K,AALL
0,2442627409,1,1,AimBig Employment INGLEBURN,0212849B,
0,3751047709,1,1,AimBig Employment INGLEBURN,0212849B,
0,8843463909,1,1,AimBig Employment INGLEBURN,0212902B,AALL
0,3071117209,0,1,AimBig Employment BROADMEADOWS,0212886G,AALL
0,6474422909,0,1,AimBig Employment EPPING,0212820K,
0,2298164609,1,1,AimBig Employment BANKSTOWN,0212840D,MUSK
0,9548740,0,1,AimBig Employment INGLEBURN,0212849B,AALL
0,1311202809,1,1,AimBig Employment HURSTVILLE,0212904D,AALL
0,4009911709,0,1,AimBig Employment SUNSHINE,0212822B,
0,14578290,1,1,AimBig Employment FRANKSTON,0212819G,
0,5706416003,1,1,AimBig Employment FAIRFIELD,0212899A,AALL
0,354390809,0,1,AimBig Employment CAMPBELLTOWN,0212849B,
0,3670259509,1,1,AimBig Employment ROCKHAMPTON CITY,0212800G,MENH
0,280714709,1,1,AimBig Employment CRAIGIEBURN,0212817E,AALL
0,8561343004,1,1,AimBig Employment CHERMSIDE,0212795D,AALL
0,2846040,1,1,AimBig Employment FAIRFIELD,0212899A,AALL
0,2948090,1,1,AimBig Employment BAULKHAM HILLS,0212898K,AALL
0,3513780,1,1,AimBig Employment CHERMSIDE,0212879H,
0,476466809,0,1,AimBig Employment FAIRFIELD,0212844H,
0,5963508509,1,1,AimBig Employment GLENORCHY,0212892E,
0,8349121007,0,1,AimBig Employment BROADMEADOWS,0212886G,AALL
0,6710252709,0,1,AimBig Employment BROADMEADOWS,0212886G,AALL
0,2504250,0,1,AimBig Employment FRANKSTON,0212818F,MENH
0,451110004,1,1,AimBig Employment MACKAY,0212802J,MENH
0,5900854119,1,1,AimBig Employment EPPING,0212820K,MENH
0,590982119,0,1,AimBig Employment MACKAY,0212802J,MENH
0,3105580,0,1,AimBig Employment FAIRFIELD,0212844H,AALL
0,5224800006,0,1,Aimbig Employment LAUNCESTON,0212865B,
0,1471040,1,1,AimBig Employment CAMPBELLTOWN,0212902B,
0,9908889009,0,1,AimBig Employment SUNSHINE,0212822B,
0,21455650,0,1,AimBig Employment CAMPBELLTOWN,0212902B,
0,5370165119,0,1,AimBig Employment SURFERS PARADISE,0212794C,
0,9555970007,0,1,AimBig Employment FRANKSTON,0212818F,
0,4970243109,0,1,AimBig Employment INGLEBURN,0212849B,AALL
0,2524020809,0,1,AimBig Employment BAULKHAM HILLS,0212841E,
0,9304695019,1,1,AimBig Employment BANKSTOWN,0212839K,
0,8046054309,0,1,AimBig Employment MAITLAND,0212882C,AALL
0,401280,1,1,AimBig Employment SINGLETON,0212816D,
0,7278773109,1,1,AimBig Employment CAMPBELLTOWN,0212902B,AALL
0,998535019,0,1,AimBig Employment FAIRFIELD,0212844H,
0,2350930019,1,1,AimBig Employment HURSTVILLE,0212855K,AALL
0,13900800,0,1,AimBig Employment CORIO,0212895H,AALL
0,5222510,1,1,AimBig Employment EPPING,0212821A,MUSK
0,9981952509,1,1,AimBig Employment DARLINGHURST,0212845J,
0,2688749709,0,1,AimBig Employment SURFERS PARADISE,0212794C,
0,5692680,1,1,AimBig Employment FAIRFIELD,0212844H,AALL
0,1213398209,1,1,AimBig Employment CORIO,0212895H,AALL
0,472810,1,1,AimBig Employment FAIRFIELD,0212899A,AALL
0,856456009,1,1,AimBig Employment CORIO,0212862K,
0,1998612209,0,1,AimBig Employment BROADMEADOWS,0212817E,AALL
0,2950070109,0,1,AimBig Employment FAIRFIELD,0212844H,AALL
0,6226922509,0,1,AimBig Employment CORIO,0212862K,
0,994157409,1,1,AimBig Employment ROCKHAMPTON CITY,0212801H,MUSK
0,7457033409,1,1,AimBig Employment SURFERS PARADISE,0212793B,MENH
0,9332160909,1,1,AimBig Employment EPPING,0212820K,MENH
0,3490530,0,1,AimBig Employment FAIRFIELD,0212844H,AALL
0,9678375709,1,1,AimBig Employment BAULKHAM HILLS,0212898K,AALL
0,5158977009,0,1,AimBig Employment SINGLETON,0212816D,AALL
0,2455100005,0,1,AimBig Employment CAMPBELLTOWN,0212902B,AALL
0,4594813003,0,1,AimBig Employment DARLINGHURST,0212900K,AALL
0,13077980,1,1,AimBig Employment HURSTVILLE,0212904D,AALL
0,4301985809,0,0,AimBig Employment SUNSHINE,0212823C,
0,6129899409,1,1,AimBig Employment MAITLAND,0212813A,AALL
0,2116283309,0,1,AimBig Employment SURFERS PARADISE,0212794C,
0,1469545609,1,1,AimBig Employment EPPING,0212820K,MENH
0,2948040007,1,1,AimBig Employment EPPING,0212821A,MUSK
0,5043854309,1,1,AimBig Employment INGLEBURN,0212849B,AALL
0,5958635509,1,1,AimBig Employment HURSTVILLE,0212904D,AALL
0,9276390007,1,1,AimBig Employment WERRIBEE,0212822B,MENH
0,355200509,1,1,AimBig Employment FAIRFIELD,0212844H,AALL
0,3091044909,1,1,AimBig Employment FAIRFIELD,0212899A,AALL
0,5470716003,1,1,AimBig Employment MAITLAND,0212882C,AALL
0,2633408003,1,1,AimBig Employment HURSTVILLE,0212904D,
0,1169902109,1,1,AimBig Employment HURSTVILLE,0212904D,
0,9209842007,1,1,AimBig Employment SUNSHINE,0212822B,MENH
0,4779800,0,1,AimBig Employment FAIRFIELD,0212844H,
0,3704939209,1,1,AimBig Employment EPPING,0212821A,MUSK
0,5849570,0,1,AimBig Employment SURFERS PARADISE,0212793B,MENH
0,428814009,1,1,AimBig Employment INGLEBURN,0212902B,AALL
0,5249830,0,1,AimBig Employment SURFERS PARADISE,0212794C,
0,1641290119,0,1,AimBig Employment DARLINGHURST,0212900K,AALL
0,6476502109,0,1,AimBig Employment INGLEBURN,0212849B,AALL
0,2311566509,1,1,AimBig Employment HURSTVILLE,0212904D,
0,1440048309,0,1,AimBig Employment CAMPBELLTOWN,0212849B,AALL
0,3213394007,1,1,AimBig Employment CRAIGIEBURN,0212886G,AALL
0,1688068709,1,1,AimBig Employment MAITLAND,0212882C,AALL
0,3058140,1,1,AimBig Employment ROCKHAMPTON CITY,0212800G,MENH
0,1899104209,0,1,AimBig Employment MAITLAND,0212813A,AALL
0,8023351119,0,1,AimBig Employment INGLEBURN,0212849B,
0,9008719709,1,1,AimBig Employment SINGLETON,0212816D,AALL
0,13748140,0,1,AimBig Employment BAULKHAM HILLS,0212898K,AALL
0,356228809,1,1,AimBig Employment CHERMSIDE,0212879H,AALL
0,9211333003,0,1,AimBig Employment CAMPBELLTOWN,0212902B,AALL
0,655966809,0,1,AimBig Employment CHERMSIDE,0212879H,AALL
0,1214671003,1,1,AimBig Employment MAITLAND,0212813A,AALL
0,4187570,1,1,AimBig Employment EPPING,0212820K,MENH
0,3056579709,1,1,AimBig Employment HURSTVILLE,0212904D,AALL
0,1479498309,1,1,AimBig Employment CRAIGIEBURN,0212886G,AALL
0,8738999909,0,1,AimBig Employment CAMPBELLTOWN,0212849B,AALL
0,9229453004,1,1,AimBig Employment MACKAY,0212803K,MUSK
0,6240003119,1,1,AimBig Employment CRAIGIEBURN,0212886G,AALL
0,1709281709,0,1,AimBig Employment MAITLAND,0212882C,AALL
0,1646930,0,1,AimBig Employment BAULKHAM HILLS,0212898K,
0,3555924809,1,1,AimBig Employment SINGLETON,0212816D,AALL
0,1919871309,1,1,AimBig Employment BAULKHAM HILLS,0212898K,AALL
0,6224310309,1,1,AimBig Employment FRANKSTON,0212818F,MENH
0,2034378509,1,1,AimBig Employment BANKSTOWN,0212839K,MENH
0,3531610209,1,1,AimBig Employment BAULKHAM HILLS,0212898K,
0,6910819019,1,1,AimBig Employment FRANKSTON,0212818F,MENH
0,857075019,0,1,AimBig Employment FRANKSTON,0212819G,MUSK
0,21258060,1,1,AimBig Employment SURFERS PARADISE,0212793B,MENH
0,2364941004,0,1,AimBig Employment CHERMSIDE,0212795D,
0,760235309,1,1,AimBig Employment CAMPBELLTOWN,0212849B,AALL
0,1651195119,0,1,AimBig Employment FRANKSTON,0212818F,MENH
0,39492609,1,1,AimBig Employment HURSTVILLE,0212855K,AALL
0,16725260,0,1,AimBig Employment CHERMSIDE,0212795D,AALL
0,18759630,1,1,AimBig Employment CAMPBELLTOWN,0212902B,
0,553871509,0,1,AimBig Employment FRANKSTON,0212818F,MENH
0,4969974909,0,1,AimBig Employment HURSTVILLE,0212904D,AALL
0,5351936509,1,1,AimBig Employment CRAIGIEBURN,0212886G,
0,4016240,1,1,AimBig Employment BAULKHAM HILLS,0212841E,
0,15185040,0,1,AimBig Employment HURSTVILLE,0212904D,AALL
0,8120740,1,1,AimBig Employment HURSTVILLE,0212904D,AALL
0,9194761007,0,1,AimBig Employment EPPING,0212820K,MENH
0,7579803209,0,1,AimBig Employment DARLINGHURST,0212900K,AALL
0,3658910007,0,1,AimBig Employment WERRIBEE,0212823C,MUSK
0,5137362509,1,1,AimBig Employment MOUNT DRUITT,0212854K,MUSK
0,304300019,0,1,AimBig Employment MACKAY,0212803K,MUSK
0,2181542809,1,1,AimBig Employment BANKSTOWN,0212840D,MUSK
0,9455584003,0,1,AimBig Employment MOUNT DRUITT,0212853J,MENH
0,3953260109,1,1,AimBig Employment MACKAY,0212803K,MUSK
0,1413254209,1,1,AimBig Employment WERRIBEE,0212822B,MENH
0,3516270,1,1,AimBig Employment FAIRFIELD,0212844H,AALL
0,18643310,0,1,Aimbig Employment LAUNCESTON,0212893F,AALL
0,3248491509,1,1,AimBig Employment CRAIGIEBURN,0212817E,AALL
0,5706946909,0,1,AimBig Employment MAITLAND,0212882C,AALL
0,5916555909,0,1,AimBig Employment CORIO,0212862K,AALL
0,629256509,0,1,AimBig Employment HURSTVILLE,0212855K,AALL
0,2529570,1,1,AimBig Employment BROADMEADOWS,0212886G,AALL
0,9477734509,1,1,AimBig Employment CHERMSIDE,0212879H,AALL
0,3825170009,0,1,AimBig Employment FRANKSTON,0212818F,MENH
0,4123062109,0,1,AimBig Employment ROCKHAMPTON CITY,0212801H,MUSK
0,15325790,1,1,AimBig Employment MACKAY,0212803K,MUSK
0,8771045004,0,1,AimBig Employment FRANKSTON,0212818F,MENH
0,2836891309,1,1,AimBig Employment CORIO,0212862K,
